match_id,season,date,venue,city,team1,team2,stage,toss_winner,toss_decision,first_ings_score,first_ings_wkts,second_ings_score,second_ings_wkts,match_result,match_winner,wb_runs,wb_wickets,balls_left,player_of_the_match,top_scorer,highscore,best_bowling,best_bowling_figure,super_over_match
335982,2007/08,2008-04-18,M Chinnaswamy Stadium,Bangalore,Royal Challengers Bangalore,Kolkata Knight Riders,,Royal Challengers Bangalore,field,222.0,3.0,82.0,10.0,Won by 140 runs,Kolkata Knight Riders,140.0,,,BB McCullum,,,,,
335983,2007/08,2008-04-19,"Punjab Cricket Association Stadium, Mohali",Chandigarh,Kings XI Punjab,Chennai Super Kings,,Chennai Super Kings,bat,240.0,5.0,207.0,4.0,Won by 33 runs,Chennai Super Kings,33.0,,,MEK Hussey,,,,,
335984,2007/08,2008-04-19,Feroz Shah Kotla,Delhi,Delhi Daredevils,Rajasthan Royals,,Rajasthan Royals,bat,129.0,8.0,132.0,1.0,Won by 9 wkts,Delhi Daredevils,,9.0,,MF Maharoof,,,,,
335986,2007/08,2008-04-20,Eden Gardens,Kolkata,Kolkata Knight Riders,Deccan Chargers,,Deccan Chargers,bat,110.0,10.0,112.0,5.0,Won by 5 wkts,Kolkata Knight Riders,,5.0,,DJ Hussey,,,,,
335985,2007/08,2008-04-20,Wankhede Stadium,Mumbai,Mumbai Indians,Royal Challengers Bangalore,,Mumbai Indians,bat,165.0,7.0,166.0,5.0,Won by 5 wkts,Royal Challengers Bangalore,,5.0,,MV Boucher,,,,,
335987,2007/08,2008-04-21,Sawai Mansingh Stadium,Jaipur,Rajasthan Royals,Kings XI Punjab,,Kings XI Punjab,bat,166.0,8.0,168.0,4.0,Won by 6 wkts,Rajasthan Royals,,6.0,,SR Watson,,,,,
335988,2007/08,2008-04-22,"Rajiv Gandhi International Stadium, Uppal",Hyderabad,Deccan Chargers,Delhi Daredevils,,Deccan Chargers,bat,142.0,8.0,138.0,1.0,Won by 9 wkts,Delhi Daredevils,,9.0,,V Sehwag,,,,,
335989,2007/08,2008-04-23,"MA Chidambaram Stadium, Chepauk",Chennai,Chennai Super Kings,Mumbai Indians,,Mumbai Indians,field,208.0,5.0,202.0,7.0,Won by 6 runs,Chennai Super Kings,6.0,,,ML Hayden,,,,,
335990,2007/08,2008-04-24,"Rajiv Gandhi International Stadium, Uppal",Hyderabad,Deccan Chargers,Rajasthan Royals,,Rajasthan Royals,field,214.0,5.0,217.0,7.0,Won by 3 wkts,Rajasthan Royals,,3.0,,YK Pathan,,,,,
335991,2007/08,2008-04-25,"Punjab Cricket Association Stadium, Mohali",Chandigarh,Kings XI Punjab,Mumbai Indians,,Mumbai Indians,field,182.0,10.0,116.0,9.0,Won by 66 runs,Kings XI Punjab,66.0,,,KC Sangakkara,,,,,
335993,2007/08,2008-04-26,"MA Chidambaram Stadium, Chepauk",Chennai,Chennai Super Kings,Kolkata Knight Riders,,Kolkata Knight Riders,bat,147.0,9.0,152.0,1.0,Won by 9 wkts,Chennai Super Kings,,9.0,,JDP Oram,,,,,
335992,2007/08,2008-04-26,M Chinnaswamy Stadium,Bangalore,Royal Challengers Bangalore,Rajasthan Royals,,Rajasthan Royals,field,135.0,8.0,138.0,3.0,Won by 7 wkts,Rajasthan Royals,,7.0,,SR Watson,,,,,
335994,2007/08,2008-04-27,Dr DY Patil Sports Academy,Mumbai,Mumbai Indians,Deccan Chargers,,Deccan Chargers,field,154.0,7.0,155.0,0.0,Won by 10 wkts,Deccan Chargers,,10.0,,AC Gilchrist,,,,,
335995,2007/08,2008-04-27,"Punjab Cricket Association Stadium, Mohali",Chandigarh,Kings XI Punjab,Delhi Daredevils,,Delhi Daredevils,bat,158.0,8.0,162.0,6.0,Won by 4 wkts,Kings XI Punjab,,4.0,,SM Katich,,,,,
335996,2007/08,2008-04-28,M Chinnaswamy Stadium,Bangalore,Royal Challengers Bangalore,Chennai Super Kings,,Chennai Super Kings,bat,178.0,5.0,165.0,10.0,Won by 13 runs,Chennai Super Kings,13.0,,,MS Dhoni,,,,,
335997,2007/08,2008-04-29,Eden Gardens,Kolkata,Kolkata Knight Riders,Mumbai Indians,,Kolkata Knight Riders,bat,137.0,8.0,138.0,3.0,Won by 7 wkts,Mumbai Indians,,7.0,,ST Jayasuriya,,,,,
335998,2007/08,2008-04-30,Feroz Shah Kotla,Delhi,Delhi Daredevils,Royal Challengers Bangalore,,Royal Challengers Bangalore,field,191.0,5.0,181.0,5.0,Won by 10 runs,Delhi Daredevils,10.0,,,GD McGrath,,,,,
335999,2007/08,2008-05-01,"Rajiv Gandhi International Stadium, Uppal",Hyderabad,Deccan Chargers,Kings XI Punjab,,Kings XI Punjab,field,164.0,8.0,167.0,3.0,Won by 7 wkts,Kings XI Punjab,,7.0,,SE Marsh,,,,,
336000,2007/08,2008-05-01,Sawai Mansingh Stadium,Jaipur,Rajasthan Royals,Kolkata Knight Riders,,Rajasthan Royals,bat,196.0,7.0,151.0,10.0,Won by 45 runs,Rajasthan Royals,45.0,,,SA Asnodkar,,,,,
336001,2007/08,2008-05-02,"MA Chidambaram Stadium, Chepauk",Chennai,Chennai Super Kings,Delhi Daredevils,,Chennai Super Kings,bat,169.0,6.0,172.0,2.0,Won by 8 wkts,Delhi Daredevils,,8.0,,V Sehwag,,,,,
336034,2007/08,2008-05-03,M Chinnaswamy Stadium,Bangalore,Royal Challengers Bangalore,Deccan Chargers,,Deccan Chargers,field,156.0,8.0,153.0,6.0,Won by 3 runs,Royal Challengers Bangalore,3.0,,,P Kumar,,,,,
336003,2007/08,2008-05-03,"Punjab Cricket Association Stadium, Mohali",Chandigarh,Kings XI Punjab,Kolkata Knight Riders,,Kings XI Punjab,bat,178.0,6.0,169.0,6.0,Won by 9 runs,Kings XI Punjab,9.0,,,IK Pathan,,,,,
336004,2007/08,2008-05-04,Dr DY Patil Sports Academy,Mumbai,Mumbai Indians,Delhi Daredevils,,Delhi Daredevils,field,162.0,8.0,133.0,10.0,Won by 29 runs,Mumbai Indians,29.0,,,SM Pollock,,,,,
336005,2007/08,2008-05-04,Sawai Mansingh Stadium,Jaipur,Rajasthan Royals,Chennai Super Kings,,Chennai Super Kings,bat,109.0,10.0,110.0,2.0,Won by 8 wkts,Rajasthan Royals,,8.0,,Sohail Tanvir,,,,,
336006,2007/08,2008-05-05,M Chinnaswamy Stadium,Bangalore,Royal Challengers Bangalore,Kings XI Punjab,,Kings XI Punjab,field,126.0,10.0,127.0,4.0,Won by 6 wkts,Kings XI Punjab,,6.0,,S Sreesanth,,,,,
336007,2007/08,2008-05-06,"MA Chidambaram Stadium, Chepauk",Chennai,Chennai Super Kings,Deccan Chargers,,Deccan Chargers,field,144.0,7.0,148.0,3.0,Won by 7 wkts,Deccan Chargers,,7.0,,AC Gilchrist,,,,,
336008,2007/08,2008-05-07,Dr DY Patil Sports Academy,Mumbai,Mumbai Indians,Rajasthan Royals,,Mumbai Indians,field,103.0,10.0,104.0,3.0,Won by 7 wkts,Mumbai Indians,,7.0,,A Nehra,,,,,
336010,2007/08,2008-05-08,Eden Gardens,Kolkata,Kolkata Knight Riders,Royal Challengers Bangalore,,Kolkata Knight Riders,bat,129.0,7.0,124.0,4.0,Won by 5 runs,Kolkata Knight Riders,5.0,,,SC Ganguly,,,,,
336009,2007/08,2008-05-08,Feroz Shah Kotla,Delhi,Delhi Daredevils,Chennai Super Kings,,Chennai Super Kings,field,187.0,5.0,188.0,6.0,Won by 4 wkts,Chennai Super Kings,,4.0,,MS Dhoni,,,,,
336011,2007/08,2008-05-09,Sawai Mansingh Stadium,Jaipur,Rajasthan Royals,Deccan Chargers,,Rajasthan Royals,field,140.0,8.0,141.0,2.0,Won by 8 wkts,Rajasthan Royals,,8.0,,YK Pathan,,,,,
336013,2007/08,2008-05-10,"MA Chidambaram Stadium, Chepauk",Chennai,Chennai Super Kings,Kings XI Punjab,,Kings XI Punjab,field,181.0,4.0,163.0,9.0,Won by 18 runs,Chennai Super Kings,18.0,,,L Balaji,,,,,
336014,2007/08,2008-05-11,"Rajiv Gandhi International Stadium, Uppal",Hyderabad,Deccan Chargers,Kolkata Knight Riders,,Kolkata Knight Riders,bat,204.0,4.0,181.0,7.0,Won by 23 runs,Kolkata Knight Riders,23.0,,,SC Ganguly,,,,,
336015,2007/08,2008-05-11,Sawai Mansingh Stadium,Jaipur,Rajasthan Royals,Delhi Daredevils,,Rajasthan Royals,field,156.0,7.0,159.0,7.0,Won by 3 wkts,Rajasthan Royals,,3.0,,SR Watson,,,,,
336016,2007/08,2008-05-12,"Punjab Cricket Association Stadium, Mohali",Chandigarh,Kings XI Punjab,Royal Challengers Bangalore,,Royal Challengers Bangalore,bat,143.0,8.0,144.0,1.0,Won by 9 wkts,Kings XI Punjab,,9.0,,SE Marsh,,,,,
336017,2007/08,2008-05-13,Eden Gardens,Kolkata,Kolkata Knight Riders,Delhi Daredevils,,Kolkata Knight Riders,bat,133.0,6.0,110.0,10.0,Won by 23 runs,Kolkata Knight Riders,23.0,,,Shoaib Akhtar,,,,,
336018,2007/08,2008-05-14,Wankhede Stadium,Mumbai,Mumbai Indians,Chennai Super Kings,,Mumbai Indians,field,156.0,6.0,158.0,1.0,Won by 9 wkts,Mumbai Indians,,9.0,,ST Jayasuriya,,,,,
336020,2007/08,2008-05-15,Feroz Shah Kotla,Delhi,Delhi Daredevils,Deccan Chargers,,Deccan Chargers,field,194.0,4.0,182.0,9.0,Won by 12 runs,Delhi Daredevils,12.0,,,A Mishra,,,,,
336021,2007/08,2008-05-16,Wankhede Stadium,Mumbai,Mumbai Indians,Kolkata Knight Riders,,Mumbai Indians,field,67.0,10.0,68.0,2.0,Won by 8 wkts,Mumbai Indians,,8.0,,SM Pollock,,,,,
336023,2007/08,2008-05-17,Sawai Mansingh Stadium,Jaipur,Rajasthan Royals,Royal Challengers Bangalore,,Royal Challengers Bangalore,field,197.0,1.0,132.0,9.0,Won by 65 runs,Rajasthan Royals,65.0,,,GC Smith,,,,,
336022,2007/08,2008-05-17,Feroz Shah Kotla,Delhi,Delhi Daredevils,Kings XI Punjab,,Delhi Daredevils,bat,118.0,4.0,94.0,3.0,Won by 6 runs,Kings XI Punjab,6.0,,,DPMD Jayawardene,,,,,
336025,2007/08,2008-05-18,Eden Gardens,Kolkata,Kolkata Knight Riders,Chennai Super Kings,,Kolkata Knight Riders,bat,149.0,5.0,55.0,0.0,Won by 3 runs,Chennai Super Kings,3.0,,,M Ntini,,,,,
336024,2007/08,2008-05-18,"Rajiv Gandhi International Stadium, Uppal",Hyderabad,Deccan Chargers,Mumbai Indians,,Deccan Chargers,field,178.0,7.0,153.0,7.0,Won by 25 runs,Mumbai Indians,25.0,,,DJ Bravo,,,,,
336026,2007/08,2008-05-19,M Chinnaswamy Stadium,Bangalore,Royal Challengers Bangalore,Delhi Daredevils,,Delhi Daredevils,field,154.0,7.0,158.0,5.0,Won by 5 wkts,Delhi Daredevils,,5.0,,SP Goswami,,,,,
336027,2007/08,2008-05-20,Eden Gardens,Kolkata,Kolkata Knight Riders,Rajasthan Royals,,Rajasthan Royals,field,147.0,8.0,150.0,4.0,Won by 6 wkts,Rajasthan Royals,,6.0,,YK Pathan,,,,,
336028,2007/08,2008-05-21,Wankhede Stadium,Mumbai,Mumbai Indians,Kings XI Punjab,,Mumbai Indians,field,189.0,4.0,188.0,10.0,Won by 1 runs,Kings XI Punjab,1.0,,,SE Marsh,,,,,
336029,2007/08,2008-05-21,"MA Chidambaram Stadium, Chepauk",Chennai,Chennai Super Kings,Royal Challengers Bangalore,,Royal Challengers Bangalore,bat,126.0,8.0,112.0,8.0,Won by 14 runs,Royal Challengers Bangalore,14.0,,,A Kumble,,,,,
336031,2007/08,2008-05-23,"Punjab Cricket Association Stadium, Mohali",Chandigarh,Kings XI Punjab,Deccan Chargers,,Kings XI Punjab,field,175.0,4.0,178.0,4.0,Won by 6 wkts,Kings XI Punjab,,6.0,,SE Marsh,,,,,
336032,2007/08,2008-05-24,Feroz Shah Kotla,Delhi,Delhi Daredevils,Mumbai Indians,,Delhi Daredevils,field,176.0,8.0,179.0,5.0,Won by 5 wkts,Delhi Daredevils,,5.0,,KD Karthik,,,,,
336033,2007/08,2008-05-24,"MA Chidambaram Stadium, Chepauk",Chennai,Chennai Super Kings,Rajasthan Royals,,Rajasthan Royals,bat,211.0,5.0,201.0,7.0,Won by 10 runs,Rajasthan Royals,10.0,,,JA Morkel,,,,,
336002,2007/08,2008-05-25,"Rajiv Gandhi International Stadium, Uppal",Hyderabad,Deccan Chargers,Royal Challengers Bangalore,,Deccan Chargers,bat,165.0,10.0,171.0,5.0,Won by 5 wkts,Royal Challengers Bangalore,,5.0,,R Vinay Kumar,,,,,
336035,2007/08,2008-05-25,Eden Gardens,Kolkata,Kolkata Knight Riders,Kings XI Punjab,,Kings XI Punjab,bat,174.0,6.0,175.0,7.0,Won by 3 wkts,Kolkata Knight Riders,,3.0,,Umar Gul,,,,,
336036,2007/08,2008-05-26,Sawai Mansingh Stadium,Jaipur,Rajasthan Royals,Mumbai Indians,,Rajasthan Royals,field,145.0,7.0,146.0,5.0,Won by 5 wkts,Rajasthan Royals,,5.0,,Sohail Tanvir,,,,,
336037,2007/08,2008-05-27,"Rajiv Gandhi International Stadium, Uppal",Hyderabad,Deccan Chargers,Chennai Super Kings,,Deccan Chargers,bat,147.0,8.0,148.0,3.0,Won by 7 wkts,Chennai Super Kings,,7.0,,SK Raina,,,,,
336019,2007/08,2008-05-28,"Punjab Cricket Association Stadium, Mohali",Chandigarh,Kings XI Punjab,Rajasthan Royals,,Rajasthan Royals,field,221.0,3.0,180.0,7.0,Won by 41 runs,Kings XI Punjab,41.0,,,SE Marsh,,,,,
336012,2007/08,2008-05-28,M Chinnaswamy Stadium,Bangalore,Royal Challengers Bangalore,Mumbai Indians,,Mumbai Indians,field,122.0,9.0,126.0,1.0,Won by 9 wkts,Mumbai Indians,,9.0,,CRD Fernando,,,,,
336038,2007/08,2008-05-30,Wankhede Stadium,Mumbai,Delhi Daredevils,Rajasthan Royals,,Delhi Daredevils,field,192.0,9.0,87.0,10.0,Won by 105 runs,Rajasthan Royals,105.0,,,SR Watson,,,,,
336039,2007/08,2008-05-31,Wankhede Stadium,Mumbai,Chennai Super Kings,Kings XI Punjab,,Kings XI Punjab,bat,112.0,8.0,116.0,1.0,Won by 9 wkts,Chennai Super Kings,,9.0,,M Ntini,,,,,
336040,2007/08,2008-06-01,Dr DY Patil Sports Academy,Mumbai,Chennai Super Kings,Rajasthan Royals,,Rajasthan Royals,field,163.0,5.0,164.0,7.0,Won by 3 wkts,Rajasthan Royals,,3.0,,YK Pathan,,,,,
392181,2009,2009-04-18,Newlands,Cape Town,Chennai Super Kings,Mumbai Indians,,Chennai Super Kings,field,165.0,7.0,146.0,7.0,Won by 19 runs,Mumbai Indians,19.0,,,SR Tendulkar,,,,,
392182,2009,2009-04-18,Newlands,Cape Town,Royal Challengers Bangalore,Rajasthan Royals,,Royal Challengers Bangalore,bat,133.0,8.0,58.0,10.0,Won by 75 runs,Royal Challengers Bangalore,75.0,,,R Dravid,,,,,
392184,2009,2009-04-19,Newlands,Cape Town,Deccan Chargers,Kolkata Knight Riders,,Kolkata Knight Riders,bat,101.0,10.0,104.0,2.0,Won by 8 wkts,Deccan Chargers,,8.0,,RP Singh,,,,,
392183,2009,2009-04-19,Newlands,Cape Town,Delhi Daredevils,Kings XI Punjab,,Delhi Daredevils,field,104.0,7.0,58.0,0.0,Won by 10 wkts,Delhi Daredevils,,10.0,,DL Vettori,,,,,
392185,2009,2009-04-20,St George's Park,Port Elizabeth,Royal Challengers Bangalore,Chennai Super Kings,,Chennai Super Kings,bat,179.0,5.0,87.0,10.0,Won by 92 runs,Chennai Super Kings,92.0,,,M Muralitharan,,,,,
392186,2009,2009-04-21,Kingsmead,Durban,Kings XI Punjab,Kolkata Knight Riders,,Kolkata Knight Riders,field,158.0,6.0,79.0,1.0,Won by 11 runs,Kolkata Knight Riders,11.0,,,CH Gayle,,,,,
392188,2009,2009-04-22,Newlands,Cape Town,Royal Challengers Bangalore,Deccan Chargers,,Deccan Chargers,bat,184.0,6.0,160.0,8.0,Won by 24 runs,Deccan Chargers,24.0,,,AC Gilchrist,,,,,
392190,2009,2009-04-23,Newlands,Cape Town,Kolkata Knight Riders,Rajasthan Royals,,Kolkata Knight Riders,field,150.0,6.0,150.0,8.0,Completed,,,,,YK Pathan,,,,,
392189,2009,2009-04-23,Kingsmead,Durban,Chennai Super Kings,Delhi Daredevils,,Delhi Daredevils,bat,189.0,5.0,180.0,9.0,Won by 9 runs,Delhi Daredevils,9.0,,,AB de Villiers,,,,,
392191,2009,2009-04-24,Kingsmead,Durban,Royal Challengers Bangalore,Kings XI Punjab,,Royal Challengers Bangalore,bat,168.0,9.0,173.0,3.0,Won by 7 wkts,Kings XI Punjab,,7.0,,RS Bopara,,,,,
392192,2009,2009-04-25,Kingsmead,Durban,Deccan Chargers,Mumbai Indians,,Deccan Chargers,bat,168.0,9.0,156.0,7.0,Won by 12 runs,Deccan Chargers,12.0,,,PP Ojha,,,,,
392194,2009,2009-04-26,St George's Park,Port Elizabeth,Royal Challengers Bangalore,Delhi Daredevils,,Royal Challengers Bangalore,bat,149.0,7.0,150.0,4.0,Won by 6 wkts,Delhi Daredevils,,6.0,,TM Dilshan,,,,,
392195,2009,2009-04-26,Newlands,Cape Town,Kings XI Punjab,Rajasthan Royals,,Kings XI Punjab,bat,139.0,6.0,112.0,7.0,Won by 27 runs,Kings XI Punjab,27.0,,,KC Sangakkara,,,,,
392196,2009,2009-04-27,Kingsmead,Durban,Chennai Super Kings,Deccan Chargers,,Deccan Chargers,field,165.0,6.0,169.0,4.0,Won by 6 wkts,Deccan Chargers,,6.0,,HH Gibbs,,,,,
392197,2009,2009-04-27,St George's Park,Port Elizabeth,Kolkata Knight Riders,Mumbai Indians,,Mumbai Indians,bat,187.0,6.0,95.0,9.0,Won by 92 runs,Mumbai Indians,92.0,,,SR Tendulkar,,,,,
392198,2009,2009-04-28,SuperSport Park,Centurion,Delhi Daredevils,Rajasthan Royals,,Delhi Daredevils,bat,143.0,7.0,147.0,5.0,Won by 5 wkts,Rajasthan Royals,,5.0,,YK Pathan,,,,,
392200,2009,2009-04-29,Kingsmead,Durban,Kings XI Punjab,Mumbai Indians,,Kings XI Punjab,bat,119.0,8.0,116.0,7.0,Won by 3 runs,Kings XI Punjab,3.0,,,KC Sangakkara,,,,,
392199,2009,2009-04-29,Kingsmead,Durban,Royal Challengers Bangalore,Kolkata Knight Riders,,Kolkata Knight Riders,bat,139.0,6.0,143.0,5.0,Won by 5 wkts,Royal Challengers Bangalore,,5.0,,MV Boucher,,,,,
392202,2009,2009-04-30,SuperSport Park,Centurion,Chennai Super Kings,Rajasthan Royals,,Rajasthan Royals,field,164.0,5.0,126.0,9.0,Won by 38 runs,Chennai Super Kings,38.0,,,SK Raina,,,,,
392201,2009,2009-04-30,SuperSport Park,Centurion,Deccan Chargers,Delhi Daredevils,,Delhi Daredevils,field,148.0,9.0,150.0,4.0,Won by 6 wkts,Delhi Daredevils,,6.0,,DP Nannes,,,,,
392203,2009,2009-05-01,Buffalo Park,East London,Kolkata Knight Riders,Mumbai Indians,,Mumbai Indians,bat,148.0,6.0,139.0,6.0,Won by 9 runs,Mumbai Indians,9.0,,,JP Duminy,,,,,
392204,2009,2009-05-01,Kingsmead,Durban,Royal Challengers Bangalore,Kings XI Punjab,,Royal Challengers Bangalore,bat,145.0,9.0,137.0,7.0,Won by 8 runs,Royal Challengers Bangalore,8.0,,,Yuvraj Singh,,,,,
392205,2009,2009-05-02,St George's Park,Port Elizabeth,Deccan Chargers,Rajasthan Royals,,Deccan Chargers,bat,141.0,5.0,142.0,7.0,Won by 3 wkts,Rajasthan Royals,,3.0,,YK Pathan,,,,,
392206,2009,2009-05-02,New Wanderers Stadium,Johannesburg,Chennai Super Kings,Delhi Daredevils,,Delhi Daredevils,field,163.0,10.0,145.0,8.0,Won by 18 runs,Chennai Super Kings,18.0,,,SB Jakati,,,,,
392208,2009,2009-05-03,New Wanderers Stadium,Johannesburg,Royal Challengers Bangalore,Mumbai Indians,,Mumbai Indians,bat,149.0,4.0,150.0,1.0,Won by 9 wkts,Royal Challengers Bangalore,,9.0,,JH Kallis,,,,,
392207,2009,2009-05-03,St George's Park,Port Elizabeth,Kings XI Punjab,Kolkata Knight Riders,,Kolkata Knight Riders,bat,153.0,3.0,154.0,4.0,Won by 6 wkts,Kings XI Punjab,,6.0,,DPMD Jayawardene,,,,,
392209,2009,2009-05-04,Buffalo Park,East London,Chennai Super Kings,Deccan Chargers,,Chennai Super Kings,bat,178.0,3.0,100.0,10.0,Won by 78 runs,Chennai Super Kings,78.0,,,MS Dhoni,,,,,
392210,2009,2009-05-05,Kingsmead,Durban,Kings XI Punjab,Rajasthan Royals,,Kings XI Punjab,field,211.0,4.0,133.0,8.0,Won by 78 runs,Rajasthan Royals,78.0,,,GC Smith,,,,,
392211,2009,2009-05-05,Kingsmead,Durban,Delhi Daredevils,Kolkata Knight Riders,,Kolkata Knight Riders,bat,154.0,3.0,157.0,1.0,Won by 9 wkts,Delhi Daredevils,,9.0,,G Gambhir,,,,,
392212,2009,2009-05-06,SuperSport Park,Centurion,Deccan Chargers,Mumbai Indians,,Deccan Chargers,bat,145.0,6.0,126.0,8.0,Won by 19 runs,Deccan Chargers,19.0,,,RG Sharma,,,,,
392213,2009,2009-05-07,SuperSport Park,Centurion,Royal Challengers Bangalore,Rajasthan Royals,,Rajasthan Royals,field,105.0,10.0,107.0,3.0,Won by 7 wkts,Rajasthan Royals,,7.0,,A Singh,,,,,
392214,2009,2009-05-07,SuperSport Park,Centurion,Chennai Super Kings,Kings XI Punjab,,Chennai Super Kings,bat,185.0,3.0,174.0,3.0,Won by 12 runs,Chennai Super Kings,12.0,,,ML Hayden,,,,,
392215,2009,2009-05-08,Buffalo Park,East London,Delhi Daredevils,Mumbai Indians,,Mumbai Indians,bat,116.0,10.0,118.0,3.0,Won by 7 wkts,Delhi Daredevils,,7.0,,A Nehra,,,,,
392216,2009,2009-05-09,De Beers Diamond Oval,Kimberley,Deccan Chargers,Kings XI Punjab,,Kings XI Punjab,field,168.0,5.0,169.0,7.0,Won by 3 wkts,Kings XI Punjab,,3.0,,DPMD Jayawardene,,,,,
392217,2009,2009-05-09,De Beers Diamond Oval,Kimberley,Chennai Super Kings,Rajasthan Royals,,Rajasthan Royals,bat,140.0,7.0,141.0,3.0,Won by 7 wkts,Chennai Super Kings,,7.0,,S Badrinath,,,,,
392218,2009,2009-05-10,St George's Park,Port Elizabeth,Royal Challengers Bangalore,Mumbai Indians,,Mumbai Indians,bat,157.0,2.0,141.0,7.0,Won by 16 runs,Mumbai Indians,16.0,,,JP Duminy,,,,,
392219,2009,2009-05-10,New Wanderers Stadium,Johannesburg,Delhi Daredevils,Kolkata Knight Riders,,Delhi Daredevils,field,123.0,8.0,125.0,3.0,Won by 7 wkts,Delhi Daredevils,,7.0,,A Mishra,,,,,
392220,2009,2009-05-11,De Beers Diamond Oval,Kimberley,Deccan Chargers,Rajasthan Royals,,Deccan Chargers,bat,166.0,7.0,113.0,10.0,Won by 53 runs,Deccan Chargers,53.0,,,DR Smith,,,,,
392221,2009,2009-05-12,SuperSport Park,Centurion,Royal Challengers Bangalore,Kolkata Knight Riders,,Royal Challengers Bangalore,field,173.0,4.0,176.0,4.0,Won by 6 wkts,Royal Challengers Bangalore,,6.0,,LRPL Taylor,,,,,
392222,2009,2009-05-12,SuperSport Park,Centurion,Kings XI Punjab,Mumbai Indians,,Kings XI Punjab,bat,119.0,9.0,122.0,2.0,Won by 8 wkts,Mumbai Indians,,8.0,,Harbhajan Singh,,,,,
392223,2009,2009-05-13,Kingsmead,Durban,Deccan Chargers,Delhi Daredevils,,Deccan Chargers,field,173.0,7.0,161.0,10.0,Won by 12 runs,Delhi Daredevils,12.0,,,R Bhatia,,,,,
392224,2009,2009-05-14,Kingsmead,Durban,Royal Challengers Bangalore,Chennai Super Kings,,Chennai Super Kings,bat,129.0,10.0,132.0,8.0,Won by 2 wkts,Royal Challengers Bangalore,,2.0,,LRPL Taylor,,,,,
392225,2009,2009-05-14,Kingsmead,Durban,Mumbai Indians,Rajasthan Royals,,Rajasthan Royals,bat,145.0,7.0,143.0,10.0,Won by 2 runs,Rajasthan Royals,2.0,,,SK Warne,,,,,
392226,2009,2009-05-15,OUTsurance Oval,Bloemfontein,Delhi Daredevils,Kings XI Punjab,,Kings XI Punjab,field,120.0,9.0,123.0,4.0,Won by 6 wkts,Kings XI Punjab,,6.0,,B Lee,,,,,
392227,2009,2009-05-16,St George's Park,Port Elizabeth,Chennai Super Kings,Mumbai Indians,,Mumbai Indians,bat,147.0,5.0,151.0,3.0,Won by 7 wkts,Chennai Super Kings,,7.0,,ML Hayden,,,,,
392228,2009,2009-05-16,New Wanderers Stadium,Johannesburg,Deccan Chargers,Kolkata Knight Riders,,Deccan Chargers,field,160.0,5.0,166.0,4.0,Won by 6 wkts,Deccan Chargers,,6.0,,RG Sharma,,,,,
392229,2009,2009-05-17,New Wanderers Stadium,Johannesburg,Deccan Chargers,Kings XI Punjab,,Deccan Chargers,field,134.0,7.0,133.0,8.0,Won by 1 runs,Kings XI Punjab,1.0,,,Yuvraj Singh,,,,,
392230,2009,2009-05-17,OUTsurance Oval,Bloemfontein,Delhi Daredevils,Rajasthan Royals,,Delhi Daredevils,bat,150.0,3.0,136.0,9.0,Won by 14 runs,Delhi Daredevils,14.0,,,AB de Villiers,,,,,
392231,2009,2009-05-18,SuperSport Park,Centurion,Chennai Super Kings,Kolkata Knight Riders,,Chennai Super Kings,bat,188.0,3.0,189.0,3.0,Won by 7 wkts,Kolkata Knight Riders,,7.0,,BJ Hodge,,,,,
392232,2009,2009-05-19,New Wanderers Stadium,Johannesburg,Royal Challengers Bangalore,Delhi Daredevils,,Delhi Daredevils,bat,134.0,7.0,135.0,3.0,Won by 7 wkts,Royal Challengers Bangalore,,7.0,,JH Kallis,,,,,
392233,2009,2009-05-20,Kingsmead,Durban,Kolkata Knight Riders,Rajasthan Royals,,Kolkata Knight Riders,field,101.0,9.0,102.0,6.0,Won by 4 wkts,Kolkata Knight Riders,,4.0,,LR Shukla,,,,,
392234,2009,2009-05-20,Kingsmead,Durban,Chennai Super Kings,Kings XI Punjab,,Chennai Super Kings,bat,116.0,9.0,92.0,8.0,Won by 24 runs,Chennai Super Kings,24.0,,,M Muralitharan,,,,,
392236,2009,2009-05-21,SuperSport Park,Centurion,Royal Challengers Bangalore,Deccan Chargers,,Royal Challengers Bangalore,bat,170.0,4.0,158.0,6.0,Won by 12 runs,Royal Challengers Bangalore,12.0,,,MK Pandey,,,,,
392235,2009,2009-05-21,SuperSport Park,Centurion,Delhi Daredevils,Mumbai Indians,,Delhi Daredevils,field,165.0,8.0,166.0,6.0,Won by 4 wkts,Delhi Daredevils,,4.0,,V Sehwag,,,,,
392237,2009,2009-05-22,SuperSport Park,Centurion,Delhi Daredevils,Deccan Chargers,,Deccan Chargers,field,153.0,8.0,154.0,4.0,Won by 6 wkts,Deccan Chargers,,6.0,,AC Gilchrist,,,,,
392238,2009,2009-05-23,New Wanderers Stadium,Johannesburg,Royal Challengers Bangalore,Chennai Super Kings,,Royal Challengers Bangalore,field,146.0,5.0,149.0,4.0,Won by 6 wkts,Royal Challengers Bangalore,,6.0,,MK Pandey,,,,,
392239,2009,2009-05-24,New Wanderers Stadium,Johannesburg,Royal Challengers Bangalore,Deccan Chargers,,Royal Challengers Bangalore,field,143.0,6.0,137.0,9.0,Won by 6 runs,Deccan Chargers,6.0,,,A Kumble,,,,,
419106,2009/10,2010-03-12,Dr DY Patil Sports Academy,Mumbai,Deccan Chargers,Kolkata Knight Riders,,Deccan Chargers,field,161.0,4.0,150.0,7.0,Won by 11 runs,Kolkata Knight Riders,11.0,,,AD Mathews,,,,,
419107,2009/10,2010-03-13,Brabourne Stadium,Mumbai,Mumbai Indians,Rajasthan Royals,,Mumbai Indians,bat,212.0,7.0,208.0,7.0,Won by 4 runs,Mumbai Indians,4.0,,,YK Pathan,,,,,
419108,2009/10,2010-03-13,"Punjab Cricket Association Stadium, Mohali",Chandigarh,Kings XI Punjab,Delhi Daredevils,,Delhi Daredevils,field,142.0,9.0,146.0,5.0,Won by 5 wkts,Delhi Daredevils,,5.0,,G Gambhir,,,,,
419109,2009/10,2010-03-14,Eden Gardens,Kolkata,Kolkata Knight Riders,Royal Challengers Bangalore,,Kolkata Knight Riders,field,135.0,7.0,136.0,3.0,Won by 7 wkts,Kolkata Knight Riders,,7.0,,MK Tiwary,,,,,
419110,2009/10,2010-03-14,"MA Chidambaram Stadium, Chepauk",Chennai,Chennai Super Kings,Deccan Chargers,,Deccan Chargers,bat,190.0,4.0,159.0,9.0,Won by 31 runs,Deccan Chargers,31.0,,,WPUJC Vaas,,,,,
419111,2009/10,2010-03-15,"Sardar Patel Stadium, Motera",Ahmedabad,Rajasthan Royals,Delhi Daredevils,,Delhi Daredevils,field,141.0,6.0,142.0,4.0,Won by 6 wkts,Delhi Daredevils,,6.0,,V Sehwag,,,,,
419112,2009/10,2010-03-16,M Chinnaswamy Stadium,Bangalore,Royal Challengers Bangalore,Kings XI Punjab,,Kings XI Punjab,bat,203.0,3.0,204.0,2.0,Won by 8 wkts,Royal Challengers Bangalore,,8.0,,JH Kallis,,,,,
419113,2009/10,2010-03-16,Eden Gardens,Kolkata,Kolkata Knight Riders,Chennai Super Kings,,Chennai Super Kings,bat,164.0,3.0,109.0,10.0,Won by 55 runs,Chennai Super Kings,55.0,,,MS Dhoni,,,,,
419114,2009/10,2010-03-17,Feroz Shah Kotla,Delhi,Delhi Daredevils,Mumbai Indians,,Delhi Daredevils,field,218.0,7.0,120.0,9.0,Won by 98 runs,Mumbai Indians,98.0,,,SR Tendulkar,,,,,
419115,2009/10,2010-03-18,M Chinnaswamy Stadium,Bangalore,Royal Challengers Bangalore,Rajasthan Royals,,Royal Challengers Bangalore,field,92.0,10.0,93.0,0.0,Won by 10 wkts,Royal Challengers Bangalore,,10.0,,JH Kallis,,,,,
419116,2009/10,2010-03-19,Feroz Shah Kotla,Delhi,Delhi Daredevils,Chennai Super Kings,,Delhi Daredevils,bat,185.0,6.0,190.0,5.0,Won by 5 wkts,Chennai Super Kings,,5.0,,ML Hayden,,,,,
419117,2009/10,2010-03-19,Barabati Stadium,Cuttack,Deccan Chargers,Kings XI Punjab,,Kings XI Punjab,field,170.0,8.0,164.0,8.0,Won by 6 runs,Deccan Chargers,6.0,,,A Symonds,,,,,
419118,2009/10,2010-03-20,"Sardar Patel Stadium, Motera",Ahmedabad,Rajasthan Royals,Kolkata Knight Riders,,Rajasthan Royals,bat,168.0,7.0,134.0,5.0,Won by 34 runs,Rajasthan Royals,34.0,,,AA Jhunjhunwala,,,,,
419119,2009/10,2010-03-20,Brabourne Stadium,Mumbai,Mumbai Indians,Royal Challengers Bangalore,,Mumbai Indians,bat,151.0,9.0,155.0,3.0,Won by 7 wkts,Royal Challengers Bangalore,,7.0,,JH Kallis,,,,,
419121,2009/10,2010-03-21,"MA Chidambaram Stadium, Chepauk",Chennai,Chennai Super Kings,Kings XI Punjab,,Chennai Super Kings,field,136.0,8.0,136.0,7.0,Completed,,,,,J Theron,,,,,
419120,2009/10,2010-03-21,Barabati Stadium,Cuttack,Deccan Chargers,Delhi Daredevils,,Deccan Chargers,bat,171.0,6.0,161.0,9.0,Won by 10 runs,Deccan Chargers,10.0,,,A Symonds,,,,,
419122,2009/10,2010-03-22,Brabourne Stadium,Mumbai,Mumbai Indians,Kolkata Knight Riders,,Kolkata Knight Riders,bat,155.0,3.0,156.0,3.0,Won by 7 wkts,Mumbai Indians,,7.0,,SR Tendulkar,,,,,
419123,2009/10,2010-03-23,M Chinnaswamy Stadium,Bangalore,Royal Challengers Bangalore,Chennai Super Kings,,Chennai Super Kings,field,171.0,5.0,135.0,7.0,Won by 36 runs,Royal Challengers Bangalore,36.0,,,RV Uthappa,,,,,
419124,2009/10,2010-03-24,"Punjab Cricket Association Stadium, Mohali",Chandigarh,Kings XI Punjab,Rajasthan Royals,,Kings XI Punjab,field,183.0,5.0,152.0,10.0,Won by 31 runs,Rajasthan Royals,31.0,,,AC Voges,,,,,
419125,2009/10,2010-03-25,"Brabourne Stadium, Mumbai",Mumbai,Chennai Super Kings,Mumbai Indians,,Mumbai Indians,field,180.0,2.0,181.0,5.0,Won by 5 wkts,Mumbai Indians,,5.0,,SR Tendulkar,,,,,
419128,2009/10,2010-03-25,M Chinnaswamy Stadium,Bangalore,Royal Challengers Bangalore,Delhi Daredevils,,Royal Challengers Bangalore,field,183.0,4.0,166.0,9.0,Won by 17 runs,Delhi Daredevils,17.0,,,KM Jadhav,,,,,
419126,2009/10,2010-03-26,"Sardar Patel Stadium, Motera",Ahmedabad,Rajasthan Royals,Deccan Chargers,,Deccan Chargers,bat,148.0,9.0,151.0,2.0,Won by 8 wkts,Rajasthan Royals,,8.0,,YK Pathan,,,,,
419127,2009/10,2010-03-27,"Punjab Cricket Association Stadium, Mohali",Chandigarh,Kings XI Punjab,Kolkata Knight Riders,,Kolkata Knight Riders,bat,183.0,5.0,144.0,6.0,Won by 39 runs,Kolkata Knight Riders,39.0,,,MK Tiwary,,,,,
419129,2009/10,2010-03-28,"Sardar Patel Stadium, Motera",Ahmedabad,Rajasthan Royals,Chennai Super Kings,,Rajasthan Royals,bat,177.0,8.0,160.0,6.0,Won by 17 runs,Rajasthan Royals,17.0,,,NV Ojha,,,,,
419130,2009/10,2010-03-28,Dr DY Patil Sports Academy,Mumbai,Deccan Chargers,Mumbai Indians,,Deccan Chargers,field,172.0,7.0,131.0,10.0,Won by 41 runs,Mumbai Indians,41.0,,,Harbhajan Singh,,,,,
419131,2009/10,2010-03-29,Feroz Shah Kotla,Delhi,Delhi Daredevils,Kolkata Knight Riders,,Delhi Daredevils,bat,177.0,4.0,137.0,9.0,Won by 40 runs,Delhi Daredevils,40.0,,,DA Warner,,,,,
419132,2009/10,2010-03-30,Brabourne Stadium,Mumbai,Mumbai Indians,Kings XI Punjab,,Mumbai Indians,field,163.0,10.0,164.0,6.0,Won by 4 wkts,Mumbai Indians,,4.0,,SL Malinga,,,,,
419133,2009/10,2010-03-31,"MA Chidambaram Stadium, Chepauk",Chennai,Chennai Super Kings,Royal Challengers Bangalore,,Royal Challengers Bangalore,bat,161.0,4.0,162.0,5.0,Won by 5 wkts,Chennai Super Kings,,5.0,,M Vijay,,,,,
419134,2009/10,2010-03-31,Feroz Shah Kotla,Delhi,Delhi Daredevils,Rajasthan Royals,,Delhi Daredevils,bat,188.0,6.0,121.0,10.0,Won by 67 runs,Delhi Daredevils,67.0,,,KD Karthik,,,,,
419135,2009/10,2010-04-01,Eden Gardens,Kolkata,Kolkata Knight Riders,Deccan Chargers,,Kolkata Knight Riders,bat,181.0,6.0,157.0,5.0,Won by 24 runs,Kolkata Knight Riders,24.0,,,SC Ganguly,,,,,
419136,2009/10,2010-04-02,"Punjab Cricket Association Stadium, Mohali",Chandigarh,Kings XI Punjab,Royal Challengers Bangalore,,Kings XI Punjab,bat,181.0,5.0,184.0,4.0,Won by 6 wkts,Royal Challengers Bangalore,,6.0,,KP Pietersen,,,,,
419138,2009/10,2010-04-03,Brabourne Stadium,Mumbai,Mumbai Indians,Deccan Chargers,,Mumbai Indians,bat,178.0,5.0,115.0,10.0,Won by 63 runs,Mumbai Indians,63.0,,,AT Rayudu,,,,,
419137,2009/10,2010-04-03,"MA Chidambaram Stadium, Chepauk",Chennai,Chennai Super Kings,Rajasthan Royals,,Chennai Super Kings,bat,246.0,5.0,223.0,5.0,Won by 23 runs,Chennai Super Kings,23.0,,,M Vijay,,,,,
419139,2009/10,2010-04-04,Eden Gardens,Kolkata,Kolkata Knight Riders,Kings XI Punjab,,Kolkata Knight Riders,bat,200.0,3.0,204.0,2.0,Won by 8 wkts,Kings XI Punjab,,8.0,,DPMD Jayawardene,,,,,
419140,2009/10,2010-04-04,Feroz Shah Kotla,Delhi,Delhi Daredevils,Royal Challengers Bangalore,,Delhi Daredevils,bat,184.0,5.0,147.0,9.0,Won by 37 runs,Delhi Daredevils,37.0,,,PD Collingwood,,,,,
419141,2009/10,2010-04-05,"Vidarbha Cricket Association Stadium, Jamtha",Nagpur,Deccan Chargers,Rajasthan Royals,,Rajasthan Royals,bat,159.0,10.0,157.0,10.0,Won by 2 runs,Rajasthan Royals,2.0,,,SK Warne,,,,,
419142,2009/10,2010-04-06,"MA Chidambaram Stadium, Chepauk",Chennai,Chennai Super Kings,Mumbai Indians,,Chennai Super Kings,bat,165.0,4.0,141.0,9.0,Won by 24 runs,Chennai Super Kings,24.0,,,SK Raina,,,,,
419144,2009/10,2010-04-07,Eden Gardens,Kolkata,Kolkata Knight Riders,Delhi Daredevils,,Kolkata Knight Riders,bat,181.0,3.0,167.0,8.0,Won by 14 runs,Kolkata Knight Riders,14.0,,,SC Ganguly,,,,,
419143,2009/10,2010-04-07,Sawai Mansingh Stadium,Jaipur,Rajasthan Royals,Kings XI Punjab,,Kings XI Punjab,bat,153.0,6.0,157.0,1.0,Won by 9 wkts,Rajasthan Royals,,9.0,,MJ Lumb,,,,,
419145,2009/10,2010-04-08,M Chinnaswamy Stadium,Bangalore,Royal Challengers Bangalore,Deccan Chargers,,Deccan Chargers,field,184.0,6.0,186.0,3.0,Won by 7 wkts,Deccan Chargers,,7.0,,TL Suman,,,,,
419146,2009/10,2010-04-09,"Punjab Cricket Association Stadium, Mohali",Chandigarh,Kings XI Punjab,Mumbai Indians,,Mumbai Indians,bat,154.0,9.0,158.0,4.0,Won by 6 wkts,Kings XI Punjab,,6.0,,KC Sangakkara,,,,,
419147,2009/10,2010-04-10,"Vidarbha Cricket Association Stadium, Jamtha",Nagpur,Deccan Chargers,Chennai Super Kings,,Chennai Super Kings,bat,138.0,8.0,139.0,4.0,Won by 6 wkts,Deccan Chargers,,6.0,,RJ Harris,,,,,
419148,2009/10,2010-04-10,M Chinnaswamy Stadium,Bangalore,Royal Challengers Bangalore,Kolkata Knight Riders,,Royal Challengers Bangalore,field,160.0,9.0,162.0,3.0,Won by 7 wkts,Royal Challengers Bangalore,,7.0,,R Vinay Kumar,,,,,
419149,2009/10,2010-04-11,Feroz Shah Kotla,Delhi,Delhi Daredevils,Kings XI Punjab,,Delhi Daredevils,bat,111.0,10.0,112.0,3.0,Won by 7 wkts,Kings XI Punjab,,7.0,,PP Chawla,,,,,
419150,2009/10,2010-04-11,Sawai Mansingh Stadium,Jaipur,Rajasthan Royals,Mumbai Indians,,Rajasthan Royals,field,174.0,5.0,137.0,8.0,Won by 37 runs,Mumbai Indians,37.0,,,SR Tendulkar,,,,,
419151,2009/10,2010-04-12,"Vidarbha Cricket Association Stadium, Jamtha",Nagpur,Deccan Chargers,Royal Challengers Bangalore,,Royal Challengers Bangalore,field,151.0,6.0,138.0,10.0,Won by 13 runs,Deccan Chargers,13.0,,,Harmeet Singh,,,,,
419152,2009/10,2010-04-13,Brabourne Stadium,Mumbai,Mumbai Indians,Delhi Daredevils,,Mumbai Indians,bat,183.0,4.0,144.0,7.0,Won by 39 runs,Mumbai Indians,39.0,,,KA Pollard,,,,,
419153,2009/10,2010-04-13,"MA Chidambaram Stadium, Chepauk",Chennai,Chennai Super Kings,Kolkata Knight Riders,,Kolkata Knight Riders,bat,139.0,8.0,143.0,1.0,Won by 9 wkts,Chennai Super Kings,,9.0,,R Ashwin,,,,,
419154,2009/10,2010-04-14,Sawai Mansingh Stadium,Jaipur,Rajasthan Royals,Royal Challengers Bangalore,,Rajasthan Royals,bat,130.0,6.0,132.0,5.0,Won by 5 wkts,Royal Challengers Bangalore,,5.0,,KP Pietersen,,,,,
419155,2009/10,2010-04-15,"MA Chidambaram Stadium, Chepauk",Chennai,Chennai Super Kings,Delhi Daredevils,,Chennai Super Kings,bat,112.0,9.0,113.0,4.0,Won by 6 wkts,Delhi Daredevils,,6.0,,G Gambhir,,,,,
419156,2009/10,2010-04-16,Himachal Pradesh Cricket Association Stadium,Dharamsala,Kings XI Punjab,Deccan Chargers,,Deccan Chargers,field,174.0,3.0,178.0,5.0,Won by 5 wkts,Deccan Chargers,,5.0,,RG Sharma,,,,,
419157,2009/10,2010-04-17,M Chinnaswamy Stadium,Bangalore,Royal Challengers Bangalore,Mumbai Indians,,Royal Challengers Bangalore,field,191.0,4.0,134.0,9.0,Won by 57 runs,Mumbai Indians,57.0,,,R McLaren,,,,,
419158,2009/10,2010-04-17,Eden Gardens,Kolkata,Kolkata Knight Riders,Rajasthan Royals,,Rajasthan Royals,bat,132.0,9.0,133.0,2.0,Won by 8 wkts,Kolkata Knight Riders,,8.0,,JD Unadkat,,,,,
419159,2009/10,2010-04-18,Himachal Pradesh Cricket Association Stadium,Dharamsala,Kings XI Punjab,Chennai Super Kings,,Chennai Super Kings,field,192.0,3.0,195.0,4.0,Won by 6 wkts,Chennai Super Kings,,6.0,,MS Dhoni,,,,,
419160,2009/10,2010-04-18,Feroz Shah Kotla,Delhi,Delhi Daredevils,Deccan Chargers,,Deccan Chargers,bat,145.0,7.0,134.0,7.0,Won by 11 runs,Deccan Chargers,11.0,,,A Symonds,,,,,
419161,2009/10,2010-04-19,Eden Gardens,Kolkata,Kolkata Knight Riders,Mumbai Indians,,Mumbai Indians,bat,133.0,8.0,135.0,1.0,Won by 9 wkts,Kolkata Knight Riders,,9.0,,M Kartik,,,,,
419162,2009/10,2010-04-21,Dr DY Patil Sports Academy,Mumbai,Royal Challengers Bangalore,Mumbai Indians,,Mumbai Indians,bat,184.0,5.0,149.0,9.0,Won by 35 runs,Mumbai Indians,35.0,,,KA Pollard,,,,,
419163,2009/10,2010-04-22,Dr DY Patil Sports Academy,Mumbai,Chennai Super Kings,Deccan Chargers,,Chennai Super Kings,bat,142.0,7.0,104.0,10.0,Won by 38 runs,Chennai Super Kings,38.0,,,DE Bollinger,,,,,
419164,2009/10,2010-04-24,Dr DY Patil Sports Academy,Mumbai,Royal Challengers Bangalore,Deccan Chargers,,Deccan Chargers,bat,82.0,10.0,86.0,1.0,Won by 9 wkts,Royal Challengers Bangalore,,9.0,,A Kumble,,,,,
419165,2009/10,2010-04-25,Dr DY Patil Sports Academy,Mumbai,Chennai Super Kings,Mumbai Indians,,Chennai Super Kings,bat,168.0,5.0,146.0,9.0,Won by 22 runs,Chennai Super Kings,22.0,,,SK Raina,,,,,
501198,2011,2011-04-08,"MA Chidambaram Stadium, Chepauk",Chennai,Chennai Super Kings,Kolkata Knight Riders,,Chennai Super Kings,bat,153.0,4.0,151.0,7.0,Won by 2 runs,Chennai Super Kings,2.0,,,S Anirudha,,,,,
501199,2011,2011-04-09,"Rajiv Gandhi International Stadium, Uppal",Hyderabad,Deccan Chargers,Rajasthan Royals,,Rajasthan Royals,field,137.0,8.0,141.0,2.0,Won by 8 wkts,Rajasthan Royals,,8.0,,SK Trivedi,,,,,
501200,2011,2011-04-09,Nehru Stadium,Kochi,Kochi Tuskers Kerala,Royal Challengers Bangalore,,Kochi Tuskers Kerala,bat,161.0,5.0,162.0,4.0,Won by 6 wkts,Royal Challengers Bangalore,,6.0,,AB de Villiers,,,,,
501201,2011,2011-04-10,Feroz Shah Kotla,Delhi,Delhi Daredevils,Mumbai Indians,,Delhi Daredevils,bat,95.0,10.0,99.0,2.0,Won by 8 wkts,Mumbai Indians,,8.0,,SL Malinga,,,,,
501202,2011,2011-04-10,Dr DY Patil Sports Academy,Mumbai,Pune Warriors,Kings XI Punjab,,Kings XI Punjab,bat,112.0,8.0,113.0,3.0,Won by 7 wkts,Pune Warriors,,7.0,,SB Wagh,,,,,
501203,2011,2011-04-11,Eden Gardens,Kolkata,Kolkata Knight Riders,Deccan Chargers,,Kolkata Knight Riders,bat,163.0,4.0,154.0,8.0,Won by 9 runs,Kolkata Knight Riders,9.0,,,JH Kallis,,,,,
501204,2011,2011-04-12,Sawai Mansingh Stadium,Jaipur,Rajasthan Royals,Delhi Daredevils,,Delhi Daredevils,bat,151.0,6.0,152.0,4.0,Won by 6 wkts,Rajasthan Royals,,6.0,,SK Warne,,,,,
501205,2011,2011-04-12,M Chinnaswamy Stadium,Bangalore,Royal Challengers Bangalore,Mumbai Indians,,Mumbai Indians,field,140.0,4.0,143.0,1.0,Won by 9 wkts,Mumbai Indians,,9.0,,SR Tendulkar,,,,,
501206,2011,2011-04-13,"Punjab Cricket Association Stadium, Mohali",Chandigarh,Kings XI Punjab,Chennai Super Kings,,Kings XI Punjab,field,188.0,4.0,193.0,4.0,Won by 6 wkts,Kings XI Punjab,,6.0,,PC Valthaty,,,,,
501207,2011,2011-04-13,Dr DY Patil Sports Academy,Mumbai,Pune Warriors,Kochi Tuskers Kerala,,Kochi Tuskers Kerala,bat,148.0,8.0,151.0,6.0,Won by 4 wkts,Pune Warriors,,4.0,,MD Mishra,,,,,
501208,2011,2011-04-14,"Rajiv Gandhi International Stadium, Uppal",Hyderabad,Deccan Chargers,Royal Challengers Bangalore,,Royal Challengers Bangalore,field,175.0,5.0,142.0,9.0,Won by 33 runs,Deccan Chargers,33.0,,,DW Steyn,,,,,
501209,2011,2011-04-15,Sawai Mansingh Stadium,Jaipur,Rajasthan Royals,Kolkata Knight Riders,,Kolkata Knight Riders,field,159.0,4.0,160.0,1.0,Won by 9 wkts,Kolkata Knight Riders,,9.0,,G Gambhir,,,,,
501210,2011,2011-04-15,Wankhede Stadium,Mumbai,Mumbai Indians,Kochi Tuskers Kerala,,Kochi Tuskers Kerala,field,182.0,2.0,184.0,2.0,Won by 8 wkts,Kochi Tuskers Kerala,,8.0,,BB McCullum,,,,,
501212,2011,2011-04-16,"Rajiv Gandhi International Stadium, Uppal",Hyderabad,Deccan Chargers,Kings XI Punjab,,Kings XI Punjab,field,165.0,8.0,166.0,2.0,Won by 8 wkts,Kings XI Punjab,,8.0,,PC Valthaty,,,,,
501211,2011,2011-04-16,"MA Chidambaram Stadium, Chepauk",Chennai,Chennai Super Kings,Royal Challengers Bangalore,,Chennai Super Kings,bat,183.0,5.0,162.0,7.0,Won by 21 runs,Chennai Super Kings,21.0,,,MEK Hussey,,,,,
501213,2011,2011-04-17,Dr DY Patil Sports Academy,Mumbai,Pune Warriors,Delhi Daredevils,,Delhi Daredevils,field,187.0,5.0,190.0,7.0,Won by 3 wkts,Delhi Daredevils,,3.0,,Yuvraj Singh,,,,,
501214,2011,2011-04-17,Eden Gardens,Kolkata,Kolkata Knight Riders,Rajasthan Royals,,Kolkata Knight Riders,field,81.0,10.0,85.0,2.0,Won by 8 wkts,Kolkata Knight Riders,,8.0,,L Balaji,,,,,
501215,2011,2011-04-18,Nehru Stadium,Kochi,Kochi Tuskers Kerala,Chennai Super Kings,,Kochi Tuskers Kerala,field,131.0,4.0,135.0,3.0,Won by 7 wkts,Kochi Tuskers Kerala,,7.0,,BB McCullum,,,,,
501216,2011,2011-04-19,Feroz Shah Kotla,Delhi,Delhi Daredevils,Deccan Chargers,,Deccan Chargers,bat,168.0,4.0,152.0,7.0,Won by 16 runs,Deccan Chargers,16.0,,,S Sohal,,,,,
501218,2011,2011-04-20,Wankhede Stadium,Mumbai,Mumbai Indians,Pune Warriors,,Pune Warriors,bat,118.0,10.0,124.0,3.0,Won by 7 wkts,Mumbai Indians,,7.0,,MM Patel,,,,,
501219,2011,2011-04-20,Eden Gardens,Kolkata,Kolkata Knight Riders,Kochi Tuskers Kerala,,Kolkata Knight Riders,field,132.0,7.0,126.0,9.0,Won by 6 runs,Kochi Tuskers Kerala,6.0,,,DPMD Jayawardene,,,,,
501220,2011,2011-04-21,"Punjab Cricket Association Stadium, Mohali",Chandigarh,Kings XI Punjab,Rajasthan Royals,,Rajasthan Royals,field,195.0,7.0,147.0,7.0,Won by 48 runs,Kings XI Punjab,48.0,,,SE Marsh,,,,,
501221,2011,2011-04-22,Wankhede Stadium,Mumbai,Mumbai Indians,Chennai Super Kings,,Chennai Super Kings,field,164.0,4.0,156.0,9.0,Won by 8 runs,Mumbai Indians,8.0,,,Harbhajan Singh,,,,,
501222,2011,2011-04-22,Eden Gardens,Kolkata,Kolkata Knight Riders,Royal Challengers Bangalore,,Royal Challengers Bangalore,field,171.0,5.0,175.0,1.0,Won by 9 wkts,Royal Challengers Bangalore,,9.0,,CH Gayle,,,,,
501223,2011,2011-04-23,Feroz Shah Kotla,Delhi,Delhi Daredevils,Kings XI Punjab,,Kings XI Punjab,field,231.0,4.0,202.0,6.0,Won by 29 runs,Delhi Daredevils,29.0,,,DA Warner,,,,,
501225,2011,2011-04-24,Sawai Mansingh Stadium,Jaipur,Rajasthan Royals,Kochi Tuskers Kerala,,Rajasthan Royals,field,109.0,10.0,111.0,2.0,Won by 8 wkts,Rajasthan Royals,,8.0,,SK Warne,,,,,
501224,2011,2011-04-24,"Rajiv Gandhi International Stadium, Uppal",Hyderabad,Deccan Chargers,Mumbai Indians,,Deccan Chargers,field,172.0,4.0,135.0,8.0,Won by 37 runs,Mumbai Indians,37.0,,,SL Malinga,,,,,
501226,2011,2011-04-25,"MA Chidambaram Stadium, Chepauk",Chennai,Chennai Super Kings,Pune Warriors,,Pune Warriors,field,142.0,6.0,117.0,9.0,Won by 25 runs,Chennai Super Kings,25.0,,,MEK Hussey,,,,,
501227,2011,2011-04-26,Feroz Shah Kotla,Delhi,Delhi Daredevils,Royal Challengers Bangalore,,Royal Challengers Bangalore,field,160.0,6.0,161.0,7.0,Won by 3 wkts,Royal Challengers Bangalore,,3.0,,V Kohli,,,,,
501228,2011,2011-04-27,Dr DY Patil Sports Academy,Mumbai,Pune Warriors,Chennai Super Kings,,Pune Warriors,bat,141.0,6.0,145.0,2.0,Won by 8 wkts,Chennai Super Kings,,8.0,,DE Bollinger,,,,,
501229,2011,2011-04-27,Nehru Stadium,Kochi,Kochi Tuskers Kerala,Deccan Chargers,,Kochi Tuskers Kerala,field,129.0,7.0,74.0,10.0,Won by 55 runs,Deccan Chargers,55.0,,,I Sharma,,,,,
501230,2011,2011-04-28,Feroz Shah Kotla,Delhi,Delhi Daredevils,Kolkata Knight Riders,,Delhi Daredevils,field,148.0,7.0,131.0,9.0,Won by 17 runs,Kolkata Knight Riders,17.0,,,MK Tiwary,,,,,
501231,2011,2011-04-29,Sawai Mansingh Stadium,Jaipur,Rajasthan Royals,Mumbai Indians,,Rajasthan Royals,field,94.0,8.0,95.0,3.0,Won by 7 wkts,Rajasthan Royals,,7.0,,J Botha,,,,,
501232,2011,2011-04-29,M Chinnaswamy Stadium,Bangalore,Royal Challengers Bangalore,Pune Warriors,,Pune Warriors,field,181.0,5.0,155.0,5.0,Won by 26 runs,Royal Challengers Bangalore,26.0,,,V Kohli,,,,,
501233,2011,2011-04-30,Nehru Stadium,Kochi,Kochi Tuskers Kerala,Delhi Daredevils,,Delhi Daredevils,bat,157.0,7.0,119.0,10.0,Won by 38 runs,Delhi Daredevils,38.0,,,V Sehwag,,,,,
501234,2011,2011-04-30,Eden Gardens,Kolkata,Kolkata Knight Riders,Kings XI Punjab,,Kolkata Knight Riders,field,119.0,6.0,120.0,2.0,Won by 8 wkts,Kolkata Knight Riders,,8.0,,Iqbal Abdulla,,,,,
501235,2011,2011-05-01,Sawai Mansingh Stadium,Jaipur,Rajasthan Royals,Pune Warriors,,Rajasthan Royals,field,143.0,7.0,144.0,4.0,Won by 6 wkts,Rajasthan Royals,,6.0,,LRPL Taylor,,,,,
501236,2011,2011-05-01,"MA Chidambaram Stadium, Chepauk",Chennai,Chennai Super Kings,Deccan Chargers,,Chennai Super Kings,bat,165.0,5.0,146.0,8.0,Won by 19 runs,Chennai Super Kings,19.0,,,JA Morkel,,,,,
501237,2011,2011-05-02,Wankhede Stadium,Mumbai,Mumbai Indians,Kings XI Punjab,,Kings XI Punjab,field,159.0,5.0,136.0,8.0,Won by 23 runs,Mumbai Indians,23.0,,,KA Pollard,,,,,
501238,2011,2011-05-02,Feroz Shah Kotla,Delhi,Delhi Daredevils,Kochi Tuskers Kerala,,Kochi Tuskers Kerala,field,140.0,6.0,141.0,3.0,Won by 7 wkts,Kochi Tuskers Kerala,,7.0,,P Parameswaran,,,,,
501239,2011,2011-05-03,"Rajiv Gandhi International Stadium, Uppal",Hyderabad,Deccan Chargers,Kolkata Knight Riders,,Deccan Chargers,field,169.0,4.0,149.0,6.0,Won by 20 runs,Kolkata Knight Riders,20.0,,,YK Pathan,,,,,
501241,2011,2011-05-04,Dr DY Patil Sports Academy,Mumbai,Pune Warriors,Mumbai Indians,,Pune Warriors,field,160.0,7.0,139.0,7.0,Won by 21 runs,Mumbai Indians,21.0,,,R Sharma,,,,,
501240,2011,2011-05-04,"MA Chidambaram Stadium, Chepauk",Chennai,Chennai Super Kings,Rajasthan Royals,,Rajasthan Royals,bat,147.0,6.0,149.0,2.0,Won by 8 wkts,Chennai Super Kings,,8.0,,MEK Hussey,,,,,
501243,2011,2011-05-05,"Rajiv Gandhi International Stadium, Uppal",Hyderabad,Deccan Chargers,Delhi Daredevils,,Delhi Daredevils,field,175.0,5.0,179.0,6.0,Won by 4 wkts,Delhi Daredevils,,4.0,,V Sehwag,,,,,
501242,2011,2011-05-05,Nehru Stadium,Kochi,Kochi Tuskers Kerala,Kolkata Knight Riders,,Kolkata Knight Riders,field,156.0,5.0,139.0,7.0,Won by 17 runs,Kochi Tuskers Kerala,17.0,,,BJ Hodge,,,,,
501244,2011,2011-05-06,M Chinnaswamy Stadium,Bangalore,Royal Challengers Bangalore,Kings XI Punjab,,Kings XI Punjab,field,205.0,6.0,120.0,9.0,Won by 85 runs,Royal Challengers Bangalore,85.0,,,CH Gayle,,,,,
501245,2011,2011-05-07,Eden Gardens,Kolkata,Kolkata Knight Riders,Chennai Super Kings,,Chennai Super Kings,bat,114.0,4.0,61.0,2.0,Won by 10 runs,Kolkata Knight Riders,10.0,,,Iqbal Abdulla,,,,,
501246,2011,2011-05-07,Wankhede Stadium,Mumbai,Mumbai Indians,Delhi Daredevils,,Delhi Daredevils,field,178.0,4.0,146.0,10.0,Won by 32 runs,Mumbai Indians,32.0,,,AT Rayudu,,,,,
501247,2011,2011-05-08,M Chinnaswamy Stadium,Bangalore,Royal Challengers Bangalore,Kochi Tuskers Kerala,,Kochi Tuskers Kerala,bat,125.0,9.0,128.0,1.0,Won by 9 wkts,Royal Challengers Bangalore,,9.0,,CH Gayle,,,,,
501248,2011,2011-05-08,"Punjab Cricket Association Stadium, Mohali",Chandigarh,Kings XI Punjab,Pune Warriors,,Kings XI Punjab,bat,119.0,8.0,120.0,5.0,Won by 5 wkts,Pune Warriors,,5.0,,R Sharma,,,,,
501249,2011,2011-05-09,Sawai Mansingh Stadium,Jaipur,Rajasthan Royals,Chennai Super Kings,,Rajasthan Royals,field,196.0,3.0,133.0,10.0,Won by 63 runs,Chennai Super Kings,63.0,,,M Vijay,,,,,
501250,2011,2011-05-10,"Rajiv Gandhi International Stadium, Uppal",Hyderabad,Deccan Chargers,Pune Warriors,,Deccan Chargers,bat,136.0,8.0,137.0,4.0,Won by 6 wkts,Pune Warriors,,6.0,,MR Marsh,,,,,
501251,2011,2011-05-10,"Punjab Cricket Association Stadium, Mohali",Chandigarh,Kings XI Punjab,Mumbai Indians,,Mumbai Indians,field,163.0,8.0,87.0,10.0,Won by 76 runs,Kings XI Punjab,76.0,,,BA Bhatt,,,,,
501252,2011,2011-05-11,Sawai Mansingh Stadium,Jaipur,Rajasthan Royals,Royal Challengers Bangalore,,Royal Challengers Bangalore,field,146.0,6.0,151.0,1.0,Won by 9 wkts,Royal Challengers Bangalore,,9.0,,S Aravind,,,,,
501253,2011,2011-05-12,"MA Chidambaram Stadium, Chepauk",Chennai,Chennai Super Kings,Delhi Daredevils,,Chennai Super Kings,bat,176.0,4.0,158.0,6.0,Won by 18 runs,Chennai Super Kings,18.0,,,MS Dhoni,,,,,
501254,2011,2011-05-13,Holkar Cricket Stadium,Indore,Kochi Tuskers Kerala,Kings XI Punjab,,Kings XI Punjab,field,178.0,7.0,181.0,4.0,Won by 6 wkts,Kings XI Punjab,,6.0,,KD Karthik,,,,,
501255,2011,2011-05-14,M Chinnaswamy Stadium,Bangalore,Royal Challengers Bangalore,Kolkata Knight Riders,,Royal Challengers Bangalore,field,89.0,4.0,105.0,6.0,Won by 4 wkts,Royal Challengers Bangalore,,4.0,,CH Gayle,,,,,
501256,2011,2011-05-14,Wankhede Stadium,Mumbai,Mumbai Indians,Deccan Chargers,,Deccan Chargers,bat,135.0,6.0,125.0,8.0,Won by 10 runs,Deccan Chargers,10.0,,,A Mishra,,,,,
501257,2011,2011-05-15,Himachal Pradesh Cricket Association Stadium,Dharamsala,Kings XI Punjab,Delhi Daredevils,,Delhi Daredevils,field,170.0,6.0,141.0,8.0,Won by 29 runs,Kings XI Punjab,29.0,,,PP Chawla,,,,,
501258,2011,2011-05-15,Holkar Cricket Stadium,Indore,Kochi Tuskers Kerala,Rajasthan Royals,,Kochi Tuskers Kerala,field,97.0,10.0,98.0,2.0,Won by 8 wkts,Kochi Tuskers Kerala,,8.0,,BJ Hodge,,,,,
501259,2011,2011-05-16,Dr DY Patil Sports Academy,Mumbai,Pune Warriors,Deccan Chargers,,Deccan Chargers,field,136.0,9.0,138.0,4.0,Won by 6 wkts,Deccan Chargers,,6.0,,A Mishra,,,,,
501260,2011,2011-05-17,Himachal Pradesh Cricket Association Stadium,Dharamsala,Kings XI Punjab,Royal Challengers Bangalore,,Kings XI Punjab,bat,232.0,2.0,121.0,10.0,Won by 111 runs,Kings XI Punjab,111.0,,,AC Gilchrist,,,,,
501261,2011,2011-05-18,"MA Chidambaram Stadium, Chepauk",Chennai,Chennai Super Kings,Kochi Tuskers Kerala,,Chennai Super Kings,bat,152.0,5.0,141.0,5.0,Won by 11 runs,Chennai Super Kings,11.0,,,WP Saha,,,,,
501262,2011,2011-05-19,Dr DY Patil Sports Academy,Mumbai,Pune Warriors,Kolkata Knight Riders,,Kolkata Knight Riders,field,118.0,7.0,119.0,3.0,Won by 7 wkts,Kolkata Knight Riders,,7.0,,YK Pathan,,,,,
501263,2011,2011-05-20,Wankhede Stadium,Mumbai,Mumbai Indians,Rajasthan Royals,,Mumbai Indians,bat,133.0,5.0,134.0,0.0,Won by 10 wkts,Rajasthan Royals,,10.0,,SR Watson,,,,,
501264,2011,2011-05-21,Himachal Pradesh Cricket Association Stadium,Dharamsala,Kings XI Punjab,Deccan Chargers,,Kings XI Punjab,field,198.0,2.0,116.0,10.0,Won by 82 runs,Deccan Chargers,82.0,,,S Dhawan,,,,,
501265,2011,2011-05-21,Feroz Shah Kotla,Delhi,Delhi Daredevils,Pune Warriors,,Delhi Daredevils,bat,56.0,3.0,,,Completed,,,,,,,,,,
501266,2011,2011-05-22,M Chinnaswamy Stadium,Bangalore,Royal Challengers Bangalore,Chennai Super Kings,,Royal Challengers Bangalore,field,128.0,8.0,129.0,2.0,Won by 8 wkts,Royal Challengers Bangalore,,8.0,,CH Gayle,,,,,
501267,2011,2011-05-22,Eden Gardens,Kolkata,Kolkata Knight Riders,Mumbai Indians,,Mumbai Indians,field,175.0,7.0,178.0,5.0,Won by 5 wkts,Mumbai Indians,,5.0,,JEC Franklin,,,,,
501268,2011,2011-05-24,Wankhede Stadium,Mumbai,Royal Challengers Bangalore,Chennai Super Kings,,Chennai Super Kings,field,175.0,4.0,177.0,4.0,Won by 6 wkts,Chennai Super Kings,,6.0,,SK Raina,,,,,
501269,2011,2011-05-25,Wankhede Stadium,Mumbai,Mumbai Indians,Kolkata Knight Riders,,Mumbai Indians,field,147.0,7.0,148.0,6.0,Won by 4 wkts,Mumbai Indians,,4.0,,MM Patel,,,,,
501270,2011,2011-05-27,"MA Chidambaram Stadium, Chepauk",Chennai,Royal Challengers Bangalore,Mumbai Indians,,Mumbai Indians,field,185.0,4.0,142.0,8.0,Won by 43 runs,Royal Challengers Bangalore,43.0,,,CH Gayle,,,,,
501271,2011,2011-05-28,"MA Chidambaram Stadium, Chepauk",Chennai,Chennai Super Kings,Royal Challengers Bangalore,,Chennai Super Kings,bat,205.0,5.0,147.0,8.0,Won by 58 runs,Chennai Super Kings,58.0,,,M Vijay,,,,,
548306,2012,2012-04-04,"MA Chidambaram Stadium, Chepauk",Chennai,Chennai Super Kings,Mumbai Indians,,Mumbai Indians,field,112.0,10.0,115.0,3.0,Won by 8 wkts,Mumbai Indians,,8.0,,RE Levi,,,,,
548307,2012,2012-04-05,Eden Gardens,Kolkata,Kolkata Knight Riders,Delhi Daredevils,,Delhi Daredevils,field,97.0,9.0,100.0,2.0,Won by 8 wkts,Delhi Daredevils,,8.0,,IK Pathan,,,,,
548308,2012,2012-04-06,Wankhede Stadium,Mumbai,Mumbai Indians,Pune Warriors,,Mumbai Indians,field,129.0,9.0,101.0,9.0,Won by 28 runs,Pune Warriors,28.0,,,SPD Smith,,,,,
548309,2012,2012-04-06,Sawai Mansingh Stadium,Jaipur,Rajasthan Royals,Kings XI Punjab,,Kings XI Punjab,field,191.0,4.0,160.0,9.0,Won by 31 runs,Rajasthan Royals,31.0,,,AM Rahane,,,,,
548311,2012,2012-04-07,Dr. Y.S. Rajasekhara Reddy ACA-VDCA Cricket Stadium,Visakhapatnam,Deccan Chargers,Chennai Super Kings,,Deccan Chargers,field,193.0,6.0,119.0,10.0,Won by 74 runs,Chennai Super Kings,74.0,,,RA Jadeja,,,,,
548310,2012,2012-04-07,M Chinnaswamy Stadium,Bangalore,Royal Challengers Bangalore,Delhi Daredevils,,Delhi Daredevils,field,157.0,8.0,137.0,7.0,Won by 20 runs,Royal Challengers Bangalore,20.0,,,AB de Villiers,,,,,
548313,2012,2012-04-08,Subrata Roy Sahara Stadium,Pune,Pune Warriors,Kings XI Punjab,,Pune Warriors,bat,166.0,6.0,144.0,8.0,Won by 22 runs,Pune Warriors,22.0,,,MN Samuels,,,,,
548312,2012,2012-04-08,Sawai Mansingh Stadium,Jaipur,Rajasthan Royals,Kolkata Knight Riders,,Kolkata Knight Riders,field,164.0,5.0,142.0,10.0,Won by 22 runs,Rajasthan Royals,22.0,,,BJ Hodge,,,,,
548314,2012,2012-04-09,Dr. Y.S. Rajasekhara Reddy ACA-VDCA Cricket Stadium,Visakhapatnam,Deccan Chargers,Mumbai Indians,,Deccan Chargers,bat,138.0,9.0,142.0,5.0,Won by 5 wkts,Mumbai Indians,,5.0,,RG Sharma,,,,,
548316,2012,2012-04-10,Feroz Shah Kotla,Delhi,Delhi Daredevils,Chennai Super Kings,,Delhi Daredevils,field,110.0,8.0,111.0,2.0,Won by 8 wkts,Delhi Daredevils,,8.0,,M Morkel,,,,,
548315,2012,2012-04-10,M Chinnaswamy Stadium,Bangalore,Royal Challengers Bangalore,Kolkata Knight Riders,,Royal Challengers Bangalore,field,165.0,8.0,123.0,9.0,Won by 42 runs,Kolkata Knight Riders,42.0,,,L Balaji,,,,,
548317,2012,2012-04-11,Wankhede Stadium,Mumbai,Mumbai Indians,Rajasthan Royals,,Rajasthan Royals,field,197.0,6.0,170.0,10.0,Won by 27 runs,Mumbai Indians,27.0,,,KA Pollard,,,,,
548318,2012,2012-04-12,"MA Chidambaram Stadium, Chepauk",Chennai,Chennai Super Kings,Royal Challengers Bangalore,,Royal Challengers Bangalore,bat,205.0,8.0,208.0,5.0,Won by 5 wkts,Chennai Super Kings,,5.0,,F du Plessis,,,,,
548319,2012,2012-04-12,"Punjab Cricket Association Stadium, Mohali",Chandigarh,Kings XI Punjab,Pune Warriors,,Kings XI Punjab,field,115.0,10.0,116.0,3.0,Won by 7 wkts,Kings XI Punjab,,7.0,,AD Mascarenhas,,,,,
548320,2012,2012-04-13,Eden Gardens,Kolkata,Kolkata Knight Riders,Rajasthan Royals,,Rajasthan Royals,bat,131.0,5.0,137.0,5.0,Won by 5 wkts,Kolkata Knight Riders,,5.0,,Shakib Al Hasan,,,,,
548322,2012,2012-04-14,Subrata Roy Sahara Stadium,Pune,Pune Warriors,Chennai Super Kings,,Chennai Super Kings,bat,155.0,5.0,156.0,3.0,Won by 7 wkts,Pune Warriors,,7.0,,JD Ryder,,,,,
548323,2012,2012-04-15,Eden Gardens,Kolkata,Kolkata Knight Riders,Kings XI Punjab,,Kolkata Knight Riders,field,134.0,9.0,132.0,7.0,Won by 2 runs,Kings XI Punjab,2.0,,,SP Narine,,,,,
548324,2012,2012-04-15,M Chinnaswamy Stadium,Bangalore,Royal Challengers Bangalore,Rajasthan Royals,,Rajasthan Royals,bat,195.0,2.0,136.0,10.0,Won by 59 runs,Rajasthan Royals,59.0,,,AM Rahane,,,,,
548325,2012,2012-04-16,Wankhede Stadium,Mumbai,Mumbai Indians,Delhi Daredevils,,Delhi Daredevils,field,92.0,10.0,93.0,3.0,Won by 7 wkts,Delhi Daredevils,,7.0,,S Nadeem,,,,,
548326,2012,2012-04-17,Sawai Mansingh Stadium,Jaipur,Rajasthan Royals,Deccan Chargers,,Deccan Chargers,bat,196.0,2.0,197.0,5.0,Won by 5 wkts,Rajasthan Royals,,5.0,,BJ Hodge,,,,,
548327,2012,2012-04-17,M Chinnaswamy Stadium,Bangalore,Royal Challengers Bangalore,Pune Warriors,,Pune Warriors,bat,182.0,6.0,186.0,4.0,Won by 6 wkts,Royal Challengers Bangalore,,6.0,,CH Gayle,,,,,
548328,2012,2012-04-18,"Punjab Cricket Association Stadium, Mohali",Chandigarh,Kings XI Punjab,Kolkata Knight Riders,,Kings XI Punjab,bat,124.0,7.0,127.0,2.0,Won by 8 wkts,Kolkata Knight Riders,,8.0,,G Gambhir,,,,,
548330,2012,2012-04-19,"MA Chidambaram Stadium, Chepauk",Chennai,Chennai Super Kings,Pune Warriors,,Pune Warriors,field,164.0,5.0,151.0,7.0,Won by 13 runs,Chennai Super Kings,13.0,,,KMDN Kulasekara,,,,,
548321,2012,2012-04-19,Feroz Shah Kotla,Delhi,Delhi Daredevils,Deccan Chargers,,Deccan Chargers,bat,157.0,8.0,162.0,5.0,Won by 5 wkts,Delhi Daredevils,,5.0,,KP Pietersen,,,,,
548331,2012,2012-04-20,"Punjab Cricket Association Stadium, Mohali",Chandigarh,Kings XI Punjab,Royal Challengers Bangalore,,Royal Challengers Bangalore,field,163.0,6.0,166.0,5.0,Won by 5 wkts,Royal Challengers Bangalore,,5.0,,CH Gayle,,,,,
548332,2012,2012-04-21,"MA Chidambaram Stadium, Chepauk",Chennai,Chennai Super Kings,Rajasthan Royals,,Rajasthan Royals,bat,146.0,4.0,147.0,3.0,Won by 7 wkts,Chennai Super Kings,,7.0,,F du Plessis,,,,,
548333,2012,2012-04-21,Feroz Shah Kotla,Delhi,Delhi Daredevils,Pune Warriors,,Delhi Daredevils,field,192.0,3.0,172.0,7.0,Won by 20 runs,Pune Warriors,20.0,,,SC Ganguly,,,,,
548334,2012,2012-04-22,Wankhede Stadium,Mumbai,Mumbai Indians,Kings XI Punjab,,Mumbai Indians,bat,163.0,6.0,164.0,4.0,Won by 6 wkts,Kings XI Punjab,,6.0,,SE Marsh,,,,,
548335,2012,2012-04-22,Barabati Stadium,Cuttack,Deccan Chargers,Kolkata Knight Riders,,Kolkata Knight Riders,field,126.0,7.0,127.0,5.0,Won by 5 wkts,Kolkata Knight Riders,,5.0,,B Lee,,,,,
548336,2012,2012-04-23,Sawai Mansingh Stadium,Jaipur,Rajasthan Royals,Royal Challengers Bangalore,,Rajasthan Royals,field,189.0,3.0,143.0,7.0,Won by 46 runs,Royal Challengers Bangalore,46.0,,,AB de Villiers,,,,,
548337,2012,2012-04-24,Subrata Roy Sahara Stadium,Pune,Pune Warriors,Delhi Daredevils,,Pune Warriors,bat,146.0,2.0,148.0,2.0,Won by 8 wkts,Delhi Daredevils,,8.0,,V Sehwag,,,,,
548339,2012,2012-04-25,"Punjab Cricket Association Stadium, Mohali",Chandigarh,Kings XI Punjab,Mumbai Indians,,Kings XI Punjab,bat,168.0,3.0,171.0,6.0,Won by 4 wkts,Mumbai Indians,,4.0,,AT Rayudu,,,,,
548341,2012,2012-04-26,Subrata Roy Sahara Stadium,Pune,Pune Warriors,Deccan Chargers,,Deccan Chargers,bat,177.0,4.0,159.0,7.0,Won by 18 runs,Deccan Chargers,18.0,,,CL White,,,,,
548342,2012,2012-04-27,Feroz Shah Kotla,Delhi,Delhi Daredevils,Mumbai Indians,,Mumbai Indians,field,207.0,5.0,170.0,9.0,Won by 37 runs,Delhi Daredevils,37.0,,,V Sehwag,,,,,
548343,2012,2012-04-28,"MA Chidambaram Stadium, Chepauk",Chennai,Chennai Super Kings,Kings XI Punjab,,Kings XI Punjab,bat,156.0,8.0,149.0,8.0,Won by 7 runs,Kings XI Punjab,7.0,,,Mandeep Singh,,,,,
548344,2012,2012-04-28,Eden Gardens,Kolkata,Kolkata Knight Riders,Royal Challengers Bangalore,,Kolkata Knight Riders,bat,190.0,4.0,143.0,6.0,Won by 47 runs,Kolkata Knight Riders,47.0,,,G Gambhir,,,,,
548345,2012,2012-04-29,Feroz Shah Kotla,Delhi,Delhi Daredevils,Rajasthan Royals,,Delhi Daredevils,bat,152.0,6.0,151.0,3.0,Won by 1 runs,Delhi Daredevils,1.0,,,V Sehwag,,,,,
548346,2012,2012-04-29,Wankhede Stadium,Mumbai,Mumbai Indians,Deccan Chargers,,Mumbai Indians,field,100.0,10.0,101.0,5.0,Won by 5 wkts,Mumbai Indians,,5.0,,DW Steyn,,,,,
548347,2012,2012-04-30,"MA Chidambaram Stadium, Chepauk",Chennai,Chennai Super Kings,Kolkata Knight Riders,,Chennai Super Kings,bat,139.0,5.0,140.0,5.0,Won by 5 wkts,Kolkata Knight Riders,,5.0,,G Gambhir,,,,,
548348,2012,2012-05-01,Barabati Stadium,Cuttack,Deccan Chargers,Pune Warriors,,Deccan Chargers,bat,186.0,4.0,173.0,5.0,Won by 13 runs,Deccan Chargers,13.0,,,KC Sangakkara,,,,,
548349,2012,2012-05-01,Sawai Mansingh Stadium,Jaipur,Rajasthan Royals,Delhi Daredevils,,Rajasthan Royals,bat,141.0,6.0,144.0,4.0,Won by 6 wkts,Delhi Daredevils,,6.0,,P Negi,,,,,
548350,2012,2012-05-02,M Chinnaswamy Stadium,Bangalore,Royal Challengers Bangalore,Kings XI Punjab,,Kings XI Punjab,field,158.0,5.0,163.0,6.0,Won by 4 wkts,Kings XI Punjab,,4.0,,Azhar Mahmood,,,,,
548351,2012,2012-05-03,Subrata Roy Sahara Stadium,Pune,Pune Warriors,Mumbai Indians,,Mumbai Indians,bat,120.0,9.0,119.0,6.0,Won by 1 runs,Mumbai Indians,1.0,,,SL Malinga,,,,,
548352,2012,2012-05-04,"MA Chidambaram Stadium, Chepauk",Chennai,Chennai Super Kings,Deccan Chargers,,Chennai Super Kings,bat,160.0,6.0,150.0,5.0,Won by 10 runs,Chennai Super Kings,10.0,,,SK Raina,,,,,
548353,2012,2012-05-05,Eden Gardens,Kolkata,Kolkata Knight Riders,Pune Warriors,,Kolkata Knight Riders,bat,150.0,5.0,143.0,8.0,Won by 7 runs,Kolkata Knight Riders,7.0,,,SP Narine,,,,,
548354,2012,2012-05-05,"Punjab Cricket Association Stadium, Mohali",Chandigarh,Kings XI Punjab,Rajasthan Royals,,Rajasthan Royals,bat,177.0,6.0,134.0,8.0,Won by 43 runs,Rajasthan Royals,43.0,,,SR Watson,,,,,
548355,2012,2012-05-06,Wankhede Stadium,Mumbai,Mumbai Indians,Chennai Super Kings,,Mumbai Indians,field,173.0,8.0,174.0,8.0,Won by 2 wkts,Mumbai Indians,,2.0,,DR Smith,,,,,
548356,2012,2012-05-06,M Chinnaswamy Stadium,Bangalore,Royal Challengers Bangalore,Deccan Chargers,,Royal Challengers Bangalore,field,181.0,2.0,185.0,5.0,Won by 5 wkts,Royal Challengers Bangalore,,5.0,,AB de Villiers,,,,,
548357,2012,2012-05-07,Feroz Shah Kotla,Delhi,Delhi Daredevils,Kolkata Knight Riders,,Delhi Daredevils,bat,153.0,9.0,154.0,4.0,Won by 6 wkts,Kolkata Knight Riders,,6.0,,JH Kallis,,,,,
548359,2012,2012-05-08,"Rajiv Gandhi International Stadium, Uppal",Hyderabad,Deccan Chargers,Kings XI Punjab,,Deccan Chargers,field,170.0,5.0,145.0,8.0,Won by 25 runs,Kings XI Punjab,25.0,,,Mandeep Singh,,,,,
548358,2012,2012-05-08,Subrata Roy Sahara Stadium,Pune,Pune Warriors,Rajasthan Royals,,Pune Warriors,bat,125.0,6.0,126.0,3.0,Won by 7 wkts,Rajasthan Royals,,7.0,,SR Watson,,,,,
548360,2012,2012-05-09,Wankhede Stadium,Mumbai,Mumbai Indians,Royal Challengers Bangalore,,Royal Challengers Bangalore,field,141.0,6.0,142.0,1.0,Won by 9 wkts,Royal Challengers Bangalore,,9.0,,CH Gayle,,,,,
548361,2012,2012-05-10,Sawai Mansingh Stadium,Jaipur,Rajasthan Royals,Chennai Super Kings,,Chennai Super Kings,field,126.0,6.0,127.0,6.0,Won by 4 wkts,Chennai Super Kings,,4.0,,BW Hilfenhaus,,,,,
548329,2012,2012-05-10,"Rajiv Gandhi International Stadium, Uppal",Hyderabad,Deccan Chargers,Delhi Daredevils,,Deccan Chargers,bat,187.0,4.0,193.0,1.0,Won by 9 wkts,Delhi Daredevils,,9.0,,DA Warner,,,,,
548362,2012,2012-05-11,Subrata Roy Sahara Stadium,Pune,Pune Warriors,Royal Challengers Bangalore,,Pune Warriors,field,173.0,3.0,138.0,9.0,Won by 35 runs,Royal Challengers Bangalore,35.0,,,CH Gayle,,,,,
548363,2012,2012-05-12,Eden Gardens,Kolkata,Kolkata Knight Riders,Mumbai Indians,,Mumbai Indians,bat,182.0,1.0,155.0,4.0,Won by 27 runs,Mumbai Indians,27.0,,,RG Sharma,,,,,
548364,2012,2012-05-12,"MA Chidambaram Stadium, Chepauk",Chennai,Chennai Super Kings,Delhi Daredevils,,Chennai Super Kings,field,114.0,5.0,115.0,1.0,Won by 9 wkts,Chennai Super Kings,,9.0,,BW Hilfenhaus,,,,,
548365,2012,2012-05-13,Sawai Mansingh Stadium,Jaipur,Rajasthan Royals,Pune Warriors,,Rajasthan Royals,bat,170.0,4.0,125.0,9.0,Won by 45 runs,Rajasthan Royals,45.0,,,A Chandila,,,,,
548366,2012,2012-05-13,"Punjab Cricket Association Stadium, Mohali",Chandigarh,Kings XI Punjab,Deccan Chargers,,Deccan Chargers,bat,190.0,4.0,194.0,6.0,Won by 4 wkts,Kings XI Punjab,,4.0,,DJ Hussey,,,,,
548367,2012,2012-05-14,M Chinnaswamy Stadium,Bangalore,Royal Challengers Bangalore,Mumbai Indians,,Mumbai Indians,field,171.0,6.0,173.0,5.0,Won by 5 wkts,Mumbai Indians,,5.0,,AT Rayudu,,,,,
548368,2012,2012-05-14,Eden Gardens,Kolkata,Kolkata Knight Riders,Chennai Super Kings,,Chennai Super Kings,field,158.0,6.0,160.0,5.0,Won by 5 wkts,Chennai Super Kings,,5.0,,MEK Hussey,,,,,
548369,2012,2012-05-15,Feroz Shah Kotla,Delhi,Delhi Daredevils,Kings XI Punjab,,Kings XI Punjab,bat,136.0,8.0,140.0,5.0,Won by 5 wkts,Delhi Daredevils,,5.0,,UT Yadav,,,,,
548370,2012,2012-05-16,Wankhede Stadium,Mumbai,Mumbai Indians,Kolkata Knight Riders,,Mumbai Indians,field,140.0,7.0,108.0,10.0,Won by 32 runs,Kolkata Knight Riders,32.0,,,SP Narine,,,,,
548372,2012,2012-05-17,Feroz Shah Kotla,Delhi,Delhi Daredevils,Royal Challengers Bangalore,,Delhi Daredevils,field,215.0,1.0,194.0,9.0,Won by 21 runs,Royal Challengers Bangalore,21.0,,,CH Gayle,,,,,
548371,2012,2012-05-17,Himachal Pradesh Cricket Association Stadium,Dharamsala,Kings XI Punjab,Chennai Super Kings,,Kings XI Punjab,field,120.0,7.0,123.0,4.0,Won by 6 wkts,Kings XI Punjab,,6.0,,AC Gilchrist,,,,,
548373,2012,2012-05-18,"Rajiv Gandhi International Stadium, Uppal",Hyderabad,Deccan Chargers,Rajasthan Royals,,Rajasthan Royals,bat,126.0,8.0,128.0,5.0,Won by 5 wkts,Deccan Chargers,,5.0,,DW Steyn,,,,,
548374,2012,2012-05-19,Himachal Pradesh Cricket Association Stadium,Dharamsala,Kings XI Punjab,Delhi Daredevils,,Delhi Daredevils,field,141.0,8.0,145.0,4.0,Won by 6 wkts,Delhi Daredevils,,6.0,,UT Yadav,,,,,
548375,2012,2012-05-19,Subrata Roy Sahara Stadium,Pune,Pune Warriors,Kolkata Knight Riders,,Kolkata Knight Riders,bat,136.0,4.0,102.0,8.0,Won by 34 runs,Kolkata Knight Riders,34.0,,,Shakib Al Hasan,,,,,
548377,2012,2012-05-20,Sawai Mansingh Stadium,Jaipur,Rajasthan Royals,Mumbai Indians,,Rajasthan Royals,bat,162.0,6.0,163.0,0.0,Won by 10 wkts,Mumbai Indians,,10.0,,DR Smith,,,,,
548376,2012,2012-05-20,"Rajiv Gandhi International Stadium, Uppal",Hyderabad,Deccan Chargers,Royal Challengers Bangalore,,Royal Challengers Bangalore,field,132.0,7.0,123.0,9.0,Won by 9 runs,Deccan Chargers,9.0,,,DW Steyn,,,,,
548378,2012,2012-05-22,Subrata Roy Sahara Stadium,Pune,Delhi Daredevils,Kolkata Knight Riders,,Kolkata Knight Riders,bat,162.0,4.0,144.0,8.0,Won by 18 runs,Kolkata Knight Riders,18.0,,,YK Pathan,,,,,
548379,2012,2012-05-23,M Chinnaswamy Stadium,Bangalore,Chennai Super Kings,Mumbai Indians,,Mumbai Indians,field,187.0,5.0,149.0,9.0,Won by 38 runs,Chennai Super Kings,38.0,,,MS Dhoni,,,,,
548380,2012,2012-05-25,"MA Chidambaram Stadium, Chepauk",Chennai,Delhi Daredevils,Chennai Super Kings,,Delhi Daredevils,field,222.0,5.0,136.0,10.0,Won by 86 runs,Chennai Super Kings,86.0,,,M Vijay,,,,,
548381,2012,2012-05-27,"MA Chidambaram Stadium, Chepauk",Chennai,Kolkata Knight Riders,Chennai Super Kings,,Chennai Super Kings,bat,190.0,3.0,192.0,5.0,Won by 5 wkts,Kolkata Knight Riders,,5.0,,MS Bisla,,,,,
597998,2013,2013-04-03,Eden Gardens,Kolkata,Kolkata Knight Riders,Delhi Daredevils,,Kolkata Knight Riders,field,128.0,10.0,129.0,4.0,Won by 6 wkts,Kolkata Knight Riders,,6.0,,SP Narine,,,,,
597999,2013,2013-04-04,M Chinnaswamy Stadium,Bangalore,Royal Challengers Bangalore,Mumbai Indians,,Mumbai Indians,field,156.0,5.0,154.0,5.0,Won by 2 runs,Royal Challengers Bangalore,2.0,,,CH Gayle,,,,,
598000,2013,2013-04-05,"Rajiv Gandhi International Stadium, Uppal",Hyderabad,Sunrisers Hyderabad,Pune Warriors,,Pune Warriors,field,126.0,6.0,104.0,10.0,Won by 22 runs,Sunrisers Hyderabad,22.0,,,A Mishra,,,,,
598001,2013,2013-04-06,Feroz Shah Kotla,Delhi,Delhi Daredevils,Rajasthan Royals,,Rajasthan Royals,bat,165.0,7.0,160.0,6.0,Won by 5 runs,Rajasthan Royals,5.0,,,R Dravid,,,,,
598002,2013,2013-04-06,"MA Chidambaram Stadium, Chepauk",Chennai,Chennai Super Kings,Mumbai Indians,,Mumbai Indians,bat,148.0,6.0,139.0,9.0,Won by 9 runs,Mumbai Indians,9.0,,,KA Pollard,,,,,
598003,2013,2013-04-07,Subrata Roy Sahara Stadium,Pune,Pune Warriors,Kings XI Punjab,,Pune Warriors,bat,99.0,9.0,100.0,2.0,Won by 8 wkts,Kings XI Punjab,,8.0,,M Vohra,,,,,
598004,2013,2013-04-07,"Rajiv Gandhi International Stadium, Uppal",Hyderabad,Sunrisers Hyderabad,Royal Challengers Bangalore,,Royal Challengers Bangalore,bat,130.0,8.0,130.0,7.0,Completed,,,,,GH Vihari,,,,,
598005,2013,2013-04-08,Sawai Mansingh Stadium,Jaipur,Rajasthan Royals,Kolkata Knight Riders,,Kolkata Knight Riders,field,144.0,6.0,125.0,10.0,Won by 19 runs,Rajasthan Royals,19.0,,,SK Trivedi,,,,,
598048,2013,2013-04-09,M Chinnaswamy Stadium,Bangalore,Royal Challengers Bangalore,Sunrisers Hyderabad,,Sunrisers Hyderabad,bat,161.0,6.0,162.0,3.0,Won by 7 wkts,Royal Challengers Bangalore,,7.0,,V Kohli,,,,,
598006,2013,2013-04-09,Wankhede Stadium,Mumbai,Mumbai Indians,Delhi Daredevils,,Mumbai Indians,bat,209.0,5.0,165.0,9.0,Won by 44 runs,Mumbai Indians,44.0,,,KD Karthik,,,,,
598007,2013,2013-04-10,"Punjab Cricket Association Stadium, Mohali",Chandigarh,Kings XI Punjab,Chennai Super Kings,,Chennai Super Kings,field,138.0,10.0,139.0,0.0,Won by 10 wkts,Chennai Super Kings,,10.0,,MEK Hussey,,,,,
598008,2013,2013-04-11,M Chinnaswamy Stadium,Bangalore,Royal Challengers Bangalore,Kolkata Knight Riders,,Royal Challengers Bangalore,field,154.0,8.0,158.0,2.0,Won by 8 wkts,Royal Challengers Bangalore,,8.0,,CH Gayle,,,,,
598009,2013,2013-04-11,Subrata Roy Sahara Stadium,Pune,Pune Warriors,Rajasthan Royals,,Rajasthan Royals,bat,145.0,5.0,148.0,3.0,Won by 7 wkts,Pune Warriors,,7.0,,AJ Finch,,,,,
598010,2013,2013-04-12,Feroz Shah Kotla,Delhi,Delhi Daredevils,Sunrisers Hyderabad,,Delhi Daredevils,bat,114.0,8.0,115.0,7.0,Won by 3 wkts,Sunrisers Hyderabad,,3.0,,A Mishra,,,,,
598012,2013,2013-04-13,"MA Chidambaram Stadium, Chepauk",Chennai,Chennai Super Kings,Royal Challengers Bangalore,,Chennai Super Kings,field,165.0,6.0,166.0,6.0,Won by 4 wkts,Chennai Super Kings,,4.0,,RA Jadeja,,,,,
598011,2013,2013-04-13,Wankhede Stadium,Mumbai,Mumbai Indians,Pune Warriors,,Mumbai Indians,bat,183.0,3.0,142.0,8.0,Won by 41 runs,Mumbai Indians,41.0,,,RG Sharma,,,,,
598013,2013,2013-04-14,Eden Gardens,Kolkata,Kolkata Knight Riders,Sunrisers Hyderabad,,Kolkata Knight Riders,bat,180.0,4.0,132.0,7.0,Won by 48 runs,Kolkata Knight Riders,48.0,,,G Gambhir,,,,,
598014,2013,2013-04-14,Sawai Mansingh Stadium,Jaipur,Rajasthan Royals,Kings XI Punjab,,Rajasthan Royals,field,124.0,10.0,126.0,4.0,Won by 6 wkts,Rajasthan Royals,,6.0,,JP Faulkner,,,,,
598015,2013,2013-04-15,"MA Chidambaram Stadium, Chepauk",Chennai,Chennai Super Kings,Pune Warriors,,Pune Warriors,bat,159.0,5.0,135.0,8.0,Won by 24 runs,Pune Warriors,24.0,,,SPD Smith,,,,,
598016,2013,2013-04-16,"Punjab Cricket Association Stadium, Mohali",Chandigarh,Kings XI Punjab,Kolkata Knight Riders,,Kolkata Knight Riders,field,157.0,9.0,153.0,9.0,Won by 4 runs,Kings XI Punjab,4.0,,,MS Gony,,,,,
598017,2013,2013-04-16,M Chinnaswamy Stadium,Bangalore,Royal Challengers Bangalore,Delhi Daredevils,,Royal Challengers Bangalore,field,152.0,5.0,152.0,7.0,Completed,,,,,V Kohli,,,,,
598018,2013,2013-04-17,Maharashtra Cricket Association Stadium,Pune,Pune Warriors,Sunrisers Hyderabad,,Pune Warriors,field,119.0,8.0,108.0,10.0,Won by 11 runs,Sunrisers Hyderabad,11.0,,,A Mishra,,,,,
598019,2013,2013-04-17,Sawai Mansingh Stadium,Jaipur,Rajasthan Royals,Mumbai Indians,,Rajasthan Royals,bat,179.0,3.0,92.0,10.0,Won by 87 runs,Rajasthan Royals,87.0,,,AM Rahane,,,,,
598020,2013,2013-04-18,Feroz Shah Kotla,Delhi,Delhi Daredevils,Chennai Super Kings,,Chennai Super Kings,bat,169.0,4.0,83.0,10.0,Won by 86 runs,Chennai Super Kings,86.0,,,MEK Hussey,,,,,
598021,2013,2013-04-19,"Rajiv Gandhi International Stadium, Uppal",Hyderabad,Sunrisers Hyderabad,Kings XI Punjab,,Kings XI Punjab,bat,123.0,9.0,127.0,5.0,Won by 5 wkts,Sunrisers Hyderabad,,5.0,,GH Vihari,,,,,
598022,2013,2013-04-20,Eden Gardens,Kolkata,Kolkata Knight Riders,Chennai Super Kings,,Kolkata Knight Riders,bat,119.0,9.0,124.0,6.0,Won by 4 wkts,Chennai Super Kings,,4.0,,RA Jadeja,,,,,
598023,2013,2013-04-20,M Chinnaswamy Stadium,Bangalore,Royal Challengers Bangalore,Rajasthan Royals,,Royal Challengers Bangalore,field,117.0,10.0,123.0,3.0,Won by 7 wkts,Royal Challengers Bangalore,,7.0,,R Vinay Kumar,,,,,
598024,2013,2013-04-21,Feroz Shah Kotla,Delhi,Delhi Daredevils,Mumbai Indians,,Mumbai Indians,bat,161.0,4.0,165.0,1.0,Won by 9 wkts,Delhi Daredevils,,9.0,,V Sehwag,,,,,
598025,2013,2013-04-21,"Punjab Cricket Association Stadium, Mohali",Chandigarh,Kings XI Punjab,Pune Warriors,,Kings XI Punjab,field,185.0,4.0,186.0,3.0,Won by 7 wkts,Kings XI Punjab,,7.0,,DA Miller,,,,,
598026,2013,2013-04-22,"MA Chidambaram Stadium, Chepauk",Chennai,Chennai Super Kings,Rajasthan Royals,,Rajasthan Royals,bat,185.0,4.0,186.0,5.0,Won by 5 wkts,Chennai Super Kings,,5.0,,MEK Hussey,,,,,
598059,2013,2013-04-23,Feroz Shah Kotla,Delhi,Delhi Daredevils,Kings XI Punjab,,Kings XI Punjab,field,120.0,7.0,121.0,5.0,Won by 5 wkts,Kings XI Punjab,,5.0,,Harmeet Singh,,,,,
598027,2013,2013-04-23,M Chinnaswamy Stadium,Bangalore,Royal Challengers Bangalore,Pune Warriors,,Pune Warriors,field,263.0,5.0,133.0,9.0,Won by 130 runs,Royal Challengers Bangalore,130.0,,,CH Gayle,,,,,
598029,2013,2013-04-24,Eden Gardens,Kolkata,Kolkata Knight Riders,Mumbai Indians,,Kolkata Knight Riders,bat,159.0,6.0,162.0,5.0,Won by 5 wkts,Mumbai Indians,,5.0,,DR Smith,,,,,
598030,2013,2013-04-25,"MA Chidambaram Stadium, Chepauk",Chennai,Chennai Super Kings,Sunrisers Hyderabad,,Sunrisers Hyderabad,bat,159.0,6.0,160.0,5.0,Won by 5 wkts,Chennai Super Kings,,5.0,,MS Dhoni,,,,,
598031,2013,2013-04-26,Eden Gardens,Kolkata,Kolkata Knight Riders,Kings XI Punjab,,Kings XI Punjab,bat,149.0,6.0,150.0,4.0,Won by 6 wkts,Kolkata Knight Riders,,6.0,,JH Kallis,,,,,
598032,2013,2013-04-27,Sawai Mansingh Stadium,Jaipur,Rajasthan Royals,Sunrisers Hyderabad,,Sunrisers Hyderabad,bat,144.0,9.0,146.0,2.0,Won by 8 wkts,Rajasthan Royals,,8.0,,JP Faulkner,,,,,
598033,2013,2013-04-27,Wankhede Stadium,Mumbai,Mumbai Indians,Royal Challengers Bangalore,,Mumbai Indians,bat,194.0,7.0,136.0,7.0,Won by 58 runs,Mumbai Indians,58.0,,,DR Smith,,,,,
598034,2013,2013-04-28,"MA Chidambaram Stadium, Chepauk",Chennai,Chennai Super Kings,Kolkata Knight Riders,,Kolkata Knight Riders,field,200.0,3.0,186.0,4.0,Won by 14 runs,Chennai Super Kings,14.0,,,MEK Hussey,,,,,
598035,2013,2013-04-28,Shaheed Veer Narayan Singh International Stadium,Raipur,Delhi Daredevils,Pune Warriors,,Pune Warriors,field,164.0,5.0,149.0,4.0,Won by 15 runs,Delhi Daredevils,15.0,,,DA Warner,,,,,
598036,2013,2013-04-29,Sawai Mansingh Stadium,Jaipur,Rajasthan Royals,Royal Challengers Bangalore,,Rajasthan Royals,field,171.0,6.0,173.0,6.0,Won by 4 wkts,Rajasthan Royals,,4.0,,SV Samson,,,,,
598037,2013,2013-04-29,Wankhede Stadium,Mumbai,Mumbai Indians,Kings XI Punjab,,Mumbai Indians,bat,174.0,3.0,170.0,10.0,Won by 4 runs,Mumbai Indians,4.0,,,RG Sharma,,,,,
598038,2013,2013-04-30,Subrata Roy Sahara Stadium,Pune,Pune Warriors,Chennai Super Kings,,Chennai Super Kings,bat,164.0,3.0,127.0,9.0,Won by 37 runs,Chennai Super Kings,37.0,,,MS Dhoni,,,,,
598039,2013,2013-05-01,"Rajiv Gandhi International Stadium, Uppal",Hyderabad,Sunrisers Hyderabad,Mumbai Indians,,Mumbai Indians,bat,129.0,4.0,130.0,3.0,Won by 7 wkts,Sunrisers Hyderabad,,7.0,,I Sharma,,,,,
598040,2013,2013-05-01,Shaheed Veer Narayan Singh International Stadium,Raipur,Delhi Daredevils,Kolkata Knight Riders,,Kolkata Knight Riders,bat,136.0,7.0,137.0,3.0,Won by 7 wkts,Delhi Daredevils,,7.0,,DA Warner,,,,,
598041,2013,2013-05-02,"MA Chidambaram Stadium, Chepauk",Chennai,Chennai Super Kings,Kings XI Punjab,,Chennai Super Kings,bat,186.0,4.0,171.0,6.0,Won by 15 runs,Chennai Super Kings,15.0,,,SK Raina,,,,,
598042,2013,2013-05-02,Subrata Roy Sahara Stadium,Pune,Pune Warriors,Royal Challengers Bangalore,,Royal Challengers Bangalore,bat,187.0,3.0,170.0,9.0,Won by 17 runs,Royal Challengers Bangalore,17.0,,,AB de Villiers,,,,,
598043,2013,2013-05-03,Eden Gardens,Kolkata,Kolkata Knight Riders,Rajasthan Royals,,Rajasthan Royals,bat,132.0,6.0,133.0,2.0,Won by 8 wkts,Kolkata Knight Riders,,8.0,,YK Pathan,,,,,
598044,2013,2013-05-04,"Rajiv Gandhi International Stadium, Uppal",Hyderabad,Sunrisers Hyderabad,Delhi Daredevils,,Delhi Daredevils,bat,80.0,10.0,81.0,4.0,Won by 6 wkts,Sunrisers Hyderabad,,6.0,,DJG Sammy,,,,,
598046,2013,2013-05-05,Wankhede Stadium,Mumbai,Mumbai Indians,Chennai Super Kings,,Mumbai Indians,bat,139.0,5.0,79.0,10.0,Won by 60 runs,Mumbai Indians,60.0,,,MG Johnson,,,,,
598047,2013,2013-05-05,Sawai Mansingh Stadium,Jaipur,Rajasthan Royals,Pune Warriors,,Pune Warriors,bat,178.0,4.0,182.0,5.0,Won by 5 wkts,Rajasthan Royals,,5.0,,AM Rahane,,,,,
598064,2013,2013-05-06,"Punjab Cricket Association Stadium, Mohali",Chandigarh,Kings XI Punjab,Royal Challengers Bangalore,,Kings XI Punjab,field,190.0,3.0,194.0,4.0,Won by 6 wkts,Kings XI Punjab,,6.0,,DA Miller,,,,,
598049,2013,2013-05-07,Sawai Mansingh Stadium,Jaipur,Rajasthan Royals,Delhi Daredevils,,Delhi Daredevils,bat,154.0,4.0,155.0,1.0,Won by 9 wkts,Rajasthan Royals,,9.0,,AM Rahane,,,,,
598050,2013,2013-05-07,Wankhede Stadium,Mumbai,Mumbai Indians,Kolkata Knight Riders,,Mumbai Indians,bat,170.0,6.0,105.0,10.0,Won by 65 runs,Mumbai Indians,65.0,,,SR Tendulkar,,,,,
598051,2013,2013-05-08,"Rajiv Gandhi International Stadium, Uppal",Hyderabad,Sunrisers Hyderabad,Chennai Super Kings,,Sunrisers Hyderabad,field,223.0,3.0,146.0,8.0,Won by 77 runs,Chennai Super Kings,77.0,,,SK Raina,,,,,
598052,2013,2013-05-09,"Punjab Cricket Association Stadium, Mohali",Chandigarh,Kings XI Punjab,Rajasthan Royals,,Rajasthan Royals,field,145.0,6.0,147.0,2.0,Won by 8 wkts,Rajasthan Royals,,8.0,,KK Cooper,,,,,
598053,2013,2013-05-09,Subrata Roy Sahara Stadium,Pune,Pune Warriors,Kolkata Knight Riders,,Kolkata Knight Riders,bat,152.0,6.0,106.0,10.0,Won by 46 runs,Kolkata Knight Riders,46.0,,,G Gambhir,,,,,
598054,2013,2013-05-10,Feroz Shah Kotla,Delhi,Delhi Daredevils,Royal Challengers Bangalore,,Delhi Daredevils,field,183.0,4.0,179.0,7.0,Won by 4 runs,Royal Challengers Bangalore,4.0,,,JD Unadkat,,,,,
598055,2013,2013-05-11,Subrata Roy Sahara Stadium,Pune,Pune Warriors,Mumbai Indians,,Pune Warriors,bat,112.0,8.0,116.0,5.0,Won by 5 wkts,Mumbai Indians,,5.0,,MG Johnson,,,,,
598056,2013,2013-05-11,"Punjab Cricket Association Stadium, Mohali",Chandigarh,Kings XI Punjab,Sunrisers Hyderabad,,Kings XI Punjab,field,150.0,7.0,120.0,9.0,Won by 30 runs,Sunrisers Hyderabad,30.0,,,PA Patel,,,,,
598057,2013,2013-05-12,JSCA International Stadium Complex,Ranchi,Kolkata Knight Riders,Royal Challengers Bangalore,,Kolkata Knight Riders,field,115.0,9.0,116.0,5.0,Won by 5 wkts,Kolkata Knight Riders,,5.0,,JH Kallis,,,,,
598058,2013,2013-05-12,Sawai Mansingh Stadium,Jaipur,Rajasthan Royals,Chennai Super Kings,,Rajasthan Royals,field,141.0,4.0,144.0,5.0,Won by 5 wkts,Rajasthan Royals,,5.0,,SR Watson,,,,,
598060,2013,2013-05-13,Wankhede Stadium,Mumbai,Mumbai Indians,Sunrisers Hyderabad,,Sunrisers Hyderabad,bat,178.0,3.0,184.0,4.0,Won by 7 wkts,Mumbai Indians,,7.0,,KA Pollard,,,,,
598045,2013,2013-05-14,M Chinnaswamy Stadium,Bangalore,Royal Challengers Bangalore,Kings XI Punjab,,Kings XI Punjab,field,174.0,5.0,176.0,3.0,Won by 7 wkts,Kings XI Punjab,,7.0,,AC Gilchrist,,,,,
598062,2013,2013-05-14,"MA Chidambaram Stadium, Chepauk",Chennai,Chennai Super Kings,Delhi Daredevils,,Chennai Super Kings,bat,168.0,4.0,135.0,9.0,Won by 33 runs,Chennai Super Kings,33.0,,,MS Dhoni,,,,,
598063,2013,2013-05-15,Wankhede Stadium,Mumbai,Mumbai Indians,Rajasthan Royals,,Rajasthan Royals,field,166.0,8.0,152.0,7.0,Won by 14 runs,Mumbai Indians,14.0,,,AP Tare,,,,,
598061,2013,2013-05-15,JSCA International Stadium Complex,Ranchi,Kolkata Knight Riders,Pune Warriors,,Kolkata Knight Riders,field,170.0,4.0,163.0,7.0,Won by 7 runs,Pune Warriors,7.0,,,MK Pandey,,,,,
598028,2013,2013-05-16,Himachal Pradesh Cricket Association Stadium,Dharamsala,Kings XI Punjab,Delhi Daredevils,,Delhi Daredevils,field,171.0,4.0,164.0,7.0,Won by 7 runs,Kings XI Punjab,7.0,,,DA Miller,,,,,
598065,2013,2013-05-17,"Rajiv Gandhi International Stadium, Uppal",Hyderabad,Sunrisers Hyderabad,Rajasthan Royals,,Sunrisers Hyderabad,bat,136.0,9.0,113.0,9.0,Won by 23 runs,Sunrisers Hyderabad,23.0,,,A Mishra,,,,,
598066,2013,2013-05-18,Himachal Pradesh Cricket Association Stadium,Dharamsala,Kings XI Punjab,Mumbai Indians,,Mumbai Indians,field,183.0,8.0,133.0,9.0,Won by 50 runs,Kings XI Punjab,50.0,,,Azhar Mahmood,,,,,
598068,2013,2013-05-18,M Chinnaswamy Stadium,Bangalore,Royal Challengers Bangalore,Chennai Super Kings,,Chennai Super Kings,field,106.0,2.0,82.0,6.0,Won by 24 runs,Royal Challengers Bangalore,24.0,,,V Kohli,,,,,
598067,2013,2013-05-19,Subrata Roy Sahara Stadium,Pune,Pune Warriors,Delhi Daredevils,,Pune Warriors,bat,172.0,5.0,134.0,9.0,Won by 38 runs,Pune Warriors,38.0,,,LJ Wright,,,,,
598069,2013,2013-05-19,"Rajiv Gandhi International Stadium, Uppal",Hyderabad,Sunrisers Hyderabad,Kolkata Knight Riders,,Kolkata Knight Riders,bat,130.0,7.0,132.0,5.0,Won by 5 wkts,Sunrisers Hyderabad,,5.0,,PA Patel,,,,,
598070,2013,2013-05-21,Feroz Shah Kotla,Delhi,Chennai Super Kings,Mumbai Indians,,Chennai Super Kings,bat,192.0,1.0,144.0,10.0,Won by 48 runs,Chennai Super Kings,48.0,,,MEK Hussey,,,,,
598071,2013,2013-05-22,Feroz Shah Kotla,Delhi,Rajasthan Royals,Sunrisers Hyderabad,,Sunrisers Hyderabad,bat,132.0,7.0,135.0,6.0,Won by 4 wkts,Rajasthan Royals,,4.0,,BJ Hodge,,,,,
598072,2013,2013-05-24,Eden Gardens,Kolkata,Mumbai Indians,Rajasthan Royals,,Rajasthan Royals,bat,165.0,6.0,169.0,6.0,Won by 4 wkts,Mumbai Indians,,4.0,,Harbhajan Singh,,,,,
598073,2013,2013-05-26,Eden Gardens,Kolkata,Chennai Super Kings,Mumbai Indians,,Mumbai Indians,bat,148.0,9.0,125.0,9.0,Won by 23 runs,Mumbai Indians,23.0,,,KA Pollard,,,,,
729279,2014,2014-04-16,Sheikh Zayed Stadium,Abu Dhabi,Mumbai Indians,Kolkata Knight Riders,,Kolkata Knight Riders,bat,163.0,5.0,122.0,7.0,Won by 41 runs,Kolkata Knight Riders,41.0,,,JH Kallis,,,,,
729281,2014,2014-04-17,Sharjah Cricket Stadium,,Delhi Daredevils,Royal Challengers Bangalore,,Royal Challengers Bangalore,field,145.0,4.0,146.0,2.0,Won by 8 wkts,Royal Challengers Bangalore,,8.0,,YS Chahal,,,,,
729285,2014,2014-04-18,Sheikh Zayed Stadium,Abu Dhabi,Sunrisers Hyderabad,Rajasthan Royals,,Rajasthan Royals,field,133.0,6.0,135.0,6.0,Won by 4 wkts,Rajasthan Royals,,4.0,,AM Rahane,,,,,
729283,2014,2014-04-18,Sheikh Zayed Stadium,Abu Dhabi,Chennai Super Kings,Kings XI Punjab,,Chennai Super Kings,bat,205.0,4.0,206.0,4.0,Won by 6 wkts,Kings XI Punjab,,6.0,,GJ Maxwell,,,,,
729287,2014,2014-04-19,Dubai International Cricket Stadium,,Royal Challengers Bangalore,Mumbai Indians,,Royal Challengers Bangalore,field,115.0,9.0,116.0,3.0,Won by 7 wkts,Royal Challengers Bangalore,,7.0,,PA Patel,,,,,
729289,2014,2014-04-19,Dubai International Cricket Stadium,,Kolkata Knight Riders,Delhi Daredevils,,Kolkata Knight Riders,bat,166.0,5.0,167.0,6.0,Won by 4 wkts,Delhi Daredevils,,4.0,,JP Duminy,,,,,
729291,2014,2014-04-20,Sharjah Cricket Stadium,,Rajasthan Royals,Kings XI Punjab,,Kings XI Punjab,field,191.0,5.0,193.0,3.0,Won by 7 wkts,Kings XI Punjab,,7.0,,GJ Maxwell,,,,,
729293,2014,2014-04-21,Sheikh Zayed Stadium,Abu Dhabi,Chennai Super Kings,Delhi Daredevils,,Chennai Super Kings,bat,177.0,7.0,84.0,9.0,Won by 93 runs,Chennai Super Kings,93.0,,,SK Raina,,,,,
729295,2014,2014-04-22,Sharjah Cricket Stadium,,Kings XI Punjab,Sunrisers Hyderabad,,Sunrisers Hyderabad,field,193.0,6.0,121.0,10.0,Won by 72 runs,Kings XI Punjab,72.0,,,GJ Maxwell,,,,,
729297,2014,2014-04-23,Dubai International Cricket Stadium,,Rajasthan Royals,Chennai Super Kings,,Rajasthan Royals,field,140.0,6.0,133.0,10.0,Won by 7 runs,Chennai Super Kings,7.0,,,RA Jadeja,,,,,
729299,2014,2014-04-24,Sharjah Cricket Stadium,,Royal Challengers Bangalore,Kolkata Knight Riders,,Royal Challengers Bangalore,field,150.0,7.0,148.0,5.0,Won by 2 runs,Kolkata Knight Riders,2.0,,,CA Lynn,,,,,
729301,2014,2014-04-25,Dubai International Cricket Stadium,,Sunrisers Hyderabad,Delhi Daredevils,,Sunrisers Hyderabad,bat,184.0,1.0,180.0,4.0,Won by 4 runs,Sunrisers Hyderabad,4.0,,,AJ Finch,,,,,
729303,2014,2014-04-25,Dubai International Cricket Stadium,,Chennai Super Kings,Mumbai Indians,,Mumbai Indians,bat,141.0,7.0,142.0,3.0,Won by 7 wkts,Chennai Super Kings,,7.0,,MM Sharma,,,,,
729305,2014,2014-04-26,Sheikh Zayed Stadium,Abu Dhabi,Rajasthan Royals,Royal Challengers Bangalore,,Rajasthan Royals,field,70.0,10.0,71.0,4.0,Won by 6 wkts,Rajasthan Royals,,6.0,,PV Tambe,,,,,
729307,2014,2014-04-26,Sheikh Zayed Stadium,Abu Dhabi,Kolkata Knight Riders,Kings XI Punjab,,Kolkata Knight Riders,field,132.0,9.0,109.0,10.0,Won by 23 runs,Kings XI Punjab,23.0,,,Sandeep Sharma,,,,,
729309,2014,2014-04-27,Sharjah Cricket Stadium,,Delhi Daredevils,Mumbai Indians,,Mumbai Indians,bat,125.0,7.0,121.0,4.0,Won by 6 wkts,Delhi Daredevils,,6.0,,M Vijay,,,,,
729311,2014,2014-04-27,Sharjah Cricket Stadium,,Sunrisers Hyderabad,Chennai Super Kings,,Sunrisers Hyderabad,bat,145.0,5.0,146.0,5.0,Won by 5 wkts,Chennai Super Kings,,5.0,,DR Smith,,,,,
729313,2014,2014-04-28,Dubai International Cricket Stadium,,Kings XI Punjab,Royal Challengers Bangalore,,Kings XI Punjab,field,124.0,8.0,127.0,5.0,Won by 5 wkts,Kings XI Punjab,,5.0,,Sandeep Sharma,,,,,
729315,2014,2014-04-29,Sheikh Zayed Stadium,Abu Dhabi,Kolkata Knight Riders,Rajasthan Royals,,Rajasthan Royals,bat,152.0,5.0,152.0,8.0,Completed,,,,,JP Faulkner,,,,,
729317,2014,2014-04-30,Dubai International Cricket Stadium,,Mumbai Indians,Sunrisers Hyderabad,,Mumbai Indians,field,172.0,5.0,157.0,7.0,Won by 15 runs,Sunrisers Hyderabad,15.0,,,B Kumar,,,,,
733971,2014,2014-05-02,JSCA International Stadium Complex,Ranchi,Chennai Super Kings,Kolkata Knight Riders,,Chennai Super Kings,bat,148.0,3.0,114.0,9.0,Won by 34 runs,Chennai Super Kings,34.0,,,RA Jadeja,,,,,
733975,2014,2014-05-03,Feroz Shah Kotla,Delhi,Delhi Daredevils,Rajasthan Royals,,Rajasthan Royals,field,152.0,5.0,156.0,3.0,Won by 7 wkts,Rajasthan Royals,,7.0,,KK Nair,,,,,
733973,2014,2014-05-03,Wankhede Stadium,Mumbai,Mumbai Indians,Kings XI Punjab,,Kings XI Punjab,bat,168.0,5.0,170.0,5.0,Won by 5 wkts,Mumbai Indians,,5.0,,CJ Anderson,,,,,
733977,2014,2014-05-04,M Chinnaswamy Stadium,Bangalore,Royal Challengers Bangalore,Sunrisers Hyderabad,,Royal Challengers Bangalore,field,155.0,6.0,158.0,6.0,Won by 4 wkts,Royal Challengers Bangalore,,4.0,,AB de Villiers,,,,,
733979,2014,2014-05-05,"Sardar Patel Stadium, Motera",Ahmedabad,Rajasthan Royals,Kolkata Knight Riders,,Kolkata Knight Riders,field,170.0,6.0,160.0,6.0,Won by 10 runs,Rajasthan Royals,10.0,,,PV Tambe,,,,,
733981,2014,2014-05-05,Feroz Shah Kotla,Delhi,Delhi Daredevils,Chennai Super Kings,,Chennai Super Kings,field,178.0,5.0,181.0,2.0,Won by 8 wkts,Chennai Super Kings,,8.0,,DR Smith,,,,,
733983,2014,2014-05-06,Wankhede Stadium,Mumbai,Mumbai Indians,Royal Challengers Bangalore,,Royal Challengers Bangalore,field,187.0,5.0,168.0,8.0,Won by 19 runs,Mumbai Indians,19.0,,,RG Sharma,,,,,
733985,2014,2014-05-07,Feroz Shah Kotla,Delhi,Delhi Daredevils,Kolkata Knight Riders,,Delhi Daredevils,bat,160.0,5.0,161.0,2.0,Won by 8 wkts,Kolkata Knight Riders,,8.0,,G Gambhir,,,,,
733987,2014,2014-05-07,Barabati Stadium,Cuttack,Kings XI Punjab,Chennai Super Kings,,Chennai Super Kings,field,231.0,4.0,187.0,6.0,Won by 44 runs,Kings XI Punjab,44.0,,,GJ Maxwell,,,,,
733989,2014,2014-05-08,"Sardar Patel Stadium, Motera",Ahmedabad,Rajasthan Royals,Sunrisers Hyderabad,,Rajasthan Royals,field,134.0,9.0,102.0,10.0,Won by 32 runs,Sunrisers Hyderabad,32.0,,,B Kumar,,,,,
733991,2014,2014-05-09,M Chinnaswamy Stadium,Bangalore,Royal Challengers Bangalore,Kings XI Punjab,,Royal Challengers Bangalore,field,198.0,8.0,166.0,9.0,Won by 32 runs,Kings XI Punjab,32.0,,,Sandeep Sharma,,,,,
733993,2014,2014-05-10,Feroz Shah Kotla,Delhi,Delhi Daredevils,Sunrisers Hyderabad,,Sunrisers Hyderabad,field,143.0,7.0,44.0,2.0,Won by 8 wkts,Sunrisers Hyderabad,,8.0,,DW Steyn,,,,,
733995,2014,2014-05-10,Wankhede Stadium,Mumbai,Mumbai Indians,Chennai Super Kings,,Chennai Super Kings,field,157.0,6.0,160.0,6.0,Won by 4 wkts,Chennai Super Kings,,4.0,,DR Smith,,,,,
733999,2014,2014-05-11,M Chinnaswamy Stadium,Bangalore,Royal Challengers Bangalore,Rajasthan Royals,,Royal Challengers Bangalore,bat,190.0,5.0,191.0,5.0,Won by 5 wkts,Rajasthan Royals,,5.0,,JP Faulkner,,,,,
733997,2014,2014-05-11,Barabati Stadium,Cuttack,Kings XI Punjab,Kolkata Knight Riders,,Kolkata Knight Riders,field,149.0,8.0,150.0,1.0,Won by 9 wkts,Kolkata Knight Riders,,9.0,,G Gambhir,,,,,
734001,2014,2014-05-12,"Rajiv Gandhi International Stadium, Uppal",Hyderabad,Sunrisers Hyderabad,Mumbai Indians,,Sunrisers Hyderabad,bat,157.0,3.0,160.0,3.0,Won by 7 wkts,Mumbai Indians,,7.0,,AT Rayudu,,,,,
734003,2014,2014-05-13,JSCA International Stadium Complex,Ranchi,Chennai Super Kings,Rajasthan Royals,,Rajasthan Royals,bat,148.0,8.0,149.0,5.0,Won by 5 wkts,Chennai Super Kings,,5.0,,RA Jadeja,,,,,
734005,2014,2014-05-13,M Chinnaswamy Stadium,Bangalore,Royal Challengers Bangalore,Delhi Daredevils,,Delhi Daredevils,field,186.0,4.0,170.0,7.0,Won by 16 runs,Royal Challengers Bangalore,16.0,,,Yuvraj Singh,,,,,
734009,2014,2014-05-14,Barabati Stadium,Cuttack,Kolkata Knight Riders,Mumbai Indians,,Kolkata Knight Riders,field,141.0,5.0,142.0,4.0,Won by 6 wkts,Kolkata Knight Riders,,6.0,,RV Uthappa,,,,,
734007,2014,2014-05-14,"Rajiv Gandhi International Stadium, Uppal",Hyderabad,Sunrisers Hyderabad,Kings XI Punjab,,Kings XI Punjab,field,205.0,5.0,211.0,4.0,Won by 6 wkts,Kings XI Punjab,,6.0,,WP Saha,,,,,
734011,2014,2014-05-15,"Sardar Patel Stadium, Motera",Ahmedabad,Rajasthan Royals,Delhi Daredevils,,Delhi Daredevils,field,201.0,6.0,139.0,9.0,Won by 62 runs,Rajasthan Royals,62.0,,,AM Rahane,,,,,
734013,2014,2014-05-18,JSCA International Stadium Complex,Ranchi,Chennai Super Kings,Royal Challengers Bangalore,,Chennai Super Kings,bat,138.0,4.0,142.0,5.0,Won by 5 wkts,Royal Challengers Bangalore,,5.0,,AB de Villiers,,,,,
734015,2014,2014-05-18,"Rajiv Gandhi International Stadium, Uppal",Hyderabad,Sunrisers Hyderabad,Kolkata Knight Riders,,Sunrisers Hyderabad,bat,142.0,8.0,146.0,3.0,Won by 7 wkts,Kolkata Knight Riders,,7.0,,UT Yadav,,,,,
734017,2014,2014-05-19,"Sardar Patel Stadium, Motera",Ahmedabad,Rajasthan Royals,Mumbai Indians,,Mumbai Indians,bat,178.0,3.0,153.0,8.0,Won by 25 runs,Mumbai Indians,25.0,,,MEK Hussey,,,,,
734019,2014,2014-05-19,Feroz Shah Kotla,Delhi,Delhi Daredevils,Kings XI Punjab,,Kings XI Punjab,field,164.0,7.0,165.0,6.0,Won by 4 wkts,Kings XI Punjab,,4.0,,AR Patel,,,,,
734021,2014,2014-05-20,"Rajiv Gandhi International Stadium, Uppal",Hyderabad,Sunrisers Hyderabad,Royal Challengers Bangalore,,Royal Challengers Bangalore,bat,160.0,6.0,161.0,3.0,Won by 7 wkts,Sunrisers Hyderabad,,7.0,,DA Warner,,,,,
734023,2014,2014-05-20,Eden Gardens,Kolkata,Kolkata Knight Riders,Chennai Super Kings,,Kolkata Knight Riders,field,154.0,4.0,156.0,2.0,Won by 8 wkts,Kolkata Knight Riders,,8.0,,RV Uthappa,,,,,
734025,2014,2014-05-21,"Punjab Cricket Association Stadium, Mohali",Chandigarh,Kings XI Punjab,Mumbai Indians,,Mumbai Indians,field,156.0,8.0,159.0,3.0,Won by 7 wkts,Mumbai Indians,,7.0,,LMP Simmons,,,,,
734027,2014,2014-05-22,Eden Gardens,Kolkata,Kolkata Knight Riders,Royal Challengers Bangalore,,Royal Challengers Bangalore,field,195.0,4.0,165.0,5.0,Won by 30 runs,Kolkata Knight Riders,30.0,,,RV Uthappa,,,,,
734029,2014,2014-05-22,JSCA International Stadium Complex,Ranchi,Chennai Super Kings,Sunrisers Hyderabad,,Sunrisers Hyderabad,field,185.0,3.0,189.0,4.0,Won by 6 wkts,Sunrisers Hyderabad,,6.0,,DA Warner,,,,,
734031,2014,2014-05-23,Wankhede Stadium,Mumbai,Mumbai Indians,Delhi Daredevils,,Delhi Daredevils,field,173.0,10.0,158.0,4.0,Won by 15 runs,Mumbai Indians,15.0,,,MEK Hussey,,,,,
734033,2014,2014-05-23,"Punjab Cricket Association Stadium, Mohali",Chandigarh,Kings XI Punjab,Rajasthan Royals,,Rajasthan Royals,field,179.0,4.0,163.0,8.0,Won by 16 runs,Kings XI Punjab,16.0,,,SE Marsh,,,,,
734035,2014,2014-05-24,M Chinnaswamy Stadium,Bangalore,Royal Challengers Bangalore,Chennai Super Kings,,Chennai Super Kings,field,154.0,6.0,160.0,2.0,Won by 8 wkts,Chennai Super Kings,,8.0,,MS Dhoni,,,,,
734037,2014,2014-05-24,Eden Gardens,Kolkata,Kolkata Knight Riders,Sunrisers Hyderabad,,Kolkata Knight Riders,field,160.0,7.0,161.0,6.0,Won by 4 wkts,Kolkata Knight Riders,,4.0,,YK Pathan,,,,,
734039,2014,2014-05-25,"Punjab Cricket Association Stadium, Mohali",Chandigarh,Kings XI Punjab,Delhi Daredevils,,Kings XI Punjab,field,115.0,10.0,119.0,3.0,Won by 7 wkts,Kings XI Punjab,,7.0,,M Vohra,,,,,
734041,2014,2014-05-25,Wankhede Stadium,Mumbai,Mumbai Indians,Rajasthan Royals,,Mumbai Indians,field,189.0,4.0,195.0,5.0,Won by 5 wkts,Mumbai Indians,,5.0,,CJ Anderson,,,,,
734043,2014,2014-05-27,Eden Gardens,Kolkata,Kings XI Punjab,Kolkata Knight Riders,,Kings XI Punjab,field,163.0,8.0,135.0,8.0,Won by 28 runs,Kolkata Knight Riders,28.0,,,UT Yadav,,,,,
734045,2014,2014-05-28,Brabourne Stadium,Mumbai,Chennai Super Kings,Mumbai Indians,,Chennai Super Kings,field,173.0,8.0,176.0,3.0,Won by 7 wkts,Chennai Super Kings,,7.0,,SK Raina,,,,,
734047,2014,2014-05-30,Wankhede Stadium,Mumbai,Chennai Super Kings,Kings XI Punjab,,Chennai Super Kings,field,226.0,6.0,202.0,7.0,Won by 24 runs,Kings XI Punjab,24.0,,,V Sehwag,,,,,
734049,2014,2014-06-01,M Chinnaswamy Stadium,Bangalore,Kolkata Knight Riders,Kings XI Punjab,,Kolkata Knight Riders,field,199.0,4.0,200.0,7.0,Won by 3 wkts,Kolkata Knight Riders,,3.0,,MK Pandey,,,,,
829705,2015,2015-04-08,Eden Gardens,Kolkata,Kolkata Knight Riders,Mumbai Indians,,Kolkata Knight Riders,field,168.0,3.0,170.0,3.0,Won by 7 wkts,Kolkata Knight Riders,,7.0,,M Morkel,,,,,
829707,2015,2015-04-09,"MA Chidambaram Stadium, Chepauk",Chennai,Chennai Super Kings,Delhi Daredevils,,Delhi Daredevils,field,150.0,7.0,149.0,9.0,Won by 1 runs,Chennai Super Kings,1.0,,,A Nehra,,,,,
829709,2015,2015-04-10,Maharashtra Cricket Association Stadium,Pune,Kings XI Punjab,Rajasthan Royals,,Kings XI Punjab,field,162.0,7.0,136.0,8.0,Won by 26 runs,Rajasthan Royals,26.0,,,JP Faulkner,,,,,
829711,2015,2015-04-11,"MA Chidambaram Stadium, Chepauk",Chennai,Chennai Super Kings,Sunrisers Hyderabad,,Chennai Super Kings,bat,209.0,4.0,164.0,6.0,Won by 45 runs,Chennai Super Kings,45.0,,,BB McCullum,,,,,
829713,2015,2015-04-11,Eden Gardens,Kolkata,Kolkata Knight Riders,Royal Challengers Bangalore,,Royal Challengers Bangalore,field,177.0,6.0,179.0,7.0,Won by 3 wkts,Royal Challengers Bangalore,,3.0,,CH Gayle,,,,,
829715,2015,2015-04-12,Feroz Shah Kotla,Delhi,Delhi Daredevils,Rajasthan Royals,,Rajasthan Royals,field,184.0,3.0,186.0,7.0,Won by 3 wkts,Rajasthan Royals,,3.0,,DJ Hooda,,,,,
829717,2015,2015-04-12,Wankhede Stadium,Mumbai,Mumbai Indians,Kings XI Punjab,,Mumbai Indians,field,177.0,5.0,159.0,7.0,Won by 18 runs,Kings XI Punjab,18.0,,,GJ Bailey,,,,,
829719,2015,2015-04-13,M Chinnaswamy Stadium,Bangalore,Royal Challengers Bangalore,Sunrisers Hyderabad,,Sunrisers Hyderabad,field,166.0,10.0,172.0,2.0,Won by 8 wkts,Sunrisers Hyderabad,,8.0,,DA Warner,,,,,
829721,2015,2015-04-14,"Sardar Patel Stadium, Motera",Ahmedabad,Rajasthan Royals,Mumbai Indians,,Mumbai Indians,bat,164.0,6.0,165.0,3.0,Won by 7 wkts,Rajasthan Royals,,7.0,,SPD Smith,,,,,
829725,2015,2015-04-15,Maharashtra Cricket Association Stadium,Pune,Kings XI Punjab,Delhi Daredevils,,Kings XI Punjab,bat,165.0,7.0,169.0,5.0,Won by 5 wkts,Delhi Daredevils,,5.0,,MA Agarwal,,,,,
829727,2015,2015-04-16,Dr. Y.S. Rajasekhara Reddy ACA-VDCA Cricket Stadium,Visakhapatnam,Sunrisers Hyderabad,Rajasthan Royals,,Rajasthan Royals,field,127.0,5.0,131.0,4.0,Won by 6 wkts,Rajasthan Royals,,6.0,,AM Rahane,,,,,
829729,2015,2015-04-17,Wankhede Stadium,Mumbai,Mumbai Indians,Chennai Super Kings,,Mumbai Indians,bat,183.0,7.0,189.0,4.0,Won by 6 wkts,Chennai Super Kings,,6.0,,A Nehra,,,,,
829731,2015,2015-04-18,Dr. Y.S. Rajasekhara Reddy ACA-VDCA Cricket Stadium,Visakhapatnam,Sunrisers Hyderabad,Delhi Daredevils,,Delhi Daredevils,bat,167.0,4.0,163.0,8.0,Won by 4 runs,Delhi Daredevils,4.0,,,JP Duminy,,,,,
829733,2015,2015-04-18,Maharashtra Cricket Association Stadium,Pune,Kings XI Punjab,Kolkata Knight Riders,,Kolkata Knight Riders,field,155.0,9.0,159.0,6.0,Won by 4 wkts,Kolkata Knight Riders,,4.0,,AD Russell,,,,,
829735,2015,2015-04-19,"Sardar Patel Stadium, Motera",Ahmedabad,Rajasthan Royals,Chennai Super Kings,,Chennai Super Kings,bat,156.0,4.0,157.0,2.0,Won by 8 wkts,Rajasthan Royals,,8.0,,AM Rahane,,,,,
829737,2015,2015-04-19,M Chinnaswamy Stadium,Bangalore,Royal Challengers Bangalore,Mumbai Indians,,Royal Challengers Bangalore,field,209.0,7.0,191.0,7.0,Won by 18 runs,Mumbai Indians,18.0,,,Harbhajan Singh,,,,,
829739,2015,2015-04-20,Feroz Shah Kotla,Delhi,Delhi Daredevils,Kolkata Knight Riders,,Kolkata Knight Riders,field,146.0,8.0,147.0,4.0,Won by 6 wkts,Kolkata Knight Riders,,6.0,,UT Yadav,,,,,
829741,2015,2015-04-21,"Sardar Patel Stadium, Motera",Ahmedabad,Rajasthan Royals,Kings XI Punjab,,Kings XI Punjab,field,191.0,6.0,191.0,6.0,Completed,,,,,SE Marsh,,,,,
829743,2015,2015-04-22,Dr. Y.S. Rajasekhara Reddy ACA-VDCA Cricket Stadium,Visakhapatnam,Sunrisers Hyderabad,Kolkata Knight Riders,,Kolkata Knight Riders,field,176.0,4.0,101.0,4.0,Won by 16 runs,Sunrisers Hyderabad,16.0,,,DA Warner,,,,,
829745,2015,2015-04-22,M Chinnaswamy Stadium,Bangalore,Royal Challengers Bangalore,Chennai Super Kings,,Royal Challengers Bangalore,field,181.0,8.0,154.0,8.0,Won by 27 runs,Chennai Super Kings,27.0,,,SK Raina,,,,,
829747,2015,2015-04-23,Feroz Shah Kotla,Delhi,Delhi Daredevils,Mumbai Indians,,Mumbai Indians,field,190.0,4.0,153.0,9.0,Won by 37 runs,Delhi Daredevils,37.0,,,SS Iyer,,,,,
829749,2015,2015-04-24,"Sardar Patel Stadium, Motera",Ahmedabad,Rajasthan Royals,Royal Challengers Bangalore,,Royal Challengers Bangalore,field,130.0,9.0,134.0,1.0,Won by 9 wkts,Royal Challengers Bangalore,,9.0,,MA Starc,,,,,
829751,2015,2015-04-25,Wankhede Stadium,Mumbai,Mumbai Indians,Sunrisers Hyderabad,,Mumbai Indians,bat,157.0,8.0,137.0,8.0,Won by 20 runs,Mumbai Indians,20.0,,,SL Malinga,,,,,
829753,2015,2015-04-25,"MA Chidambaram Stadium, Chepauk",Chennai,Chennai Super Kings,Kings XI Punjab,,Chennai Super Kings,bat,192.0,3.0,95.0,9.0,Won by 97 runs,Chennai Super Kings,97.0,,,BB McCullum,,,,,
829757,2015,2015-04-26,Feroz Shah Kotla,Delhi,Delhi Daredevils,Royal Challengers Bangalore,,Royal Challengers Bangalore,field,95.0,10.0,99.0,0.0,Won by 10 wkts,Royal Challengers Bangalore,,10.0,,VR Aaron,,,,,
829759,2015,2015-04-27,"Punjab Cricket Association Stadium, Mohali",Chandigarh,Kings XI Punjab,Sunrisers Hyderabad,,Kings XI Punjab,field,150.0,6.0,130.0,9.0,Won by 20 runs,Sunrisers Hyderabad,20.0,,,TA Boult,,,,,
829765,2015,2015-04-28,"MA Chidambaram Stadium, Chepauk",Chennai,Chennai Super Kings,Kolkata Knight Riders,,Kolkata Knight Riders,field,134.0,6.0,132.0,9.0,Won by 2 runs,Chennai Super Kings,2.0,,,DJ Bravo,,,,,
829763,2015,2015-04-29,M Chinnaswamy Stadium,Bangalore,Royal Challengers Bangalore,Rajasthan Royals,,Rajasthan Royals,field,200.0,7.0,,,Completed,,,,,,,,,,
829723,2015,2015-04-30,Eden Gardens,Kolkata,Kolkata Knight Riders,Chennai Super Kings,,Kolkata Knight Riders,field,165.0,9.0,169.0,3.0,Won by 7 wkts,Kolkata Knight Riders,,7.0,,AD Russell,,,,,
829769,2015,2015-05-01,Wankhede Stadium,Mumbai,Mumbai Indians,Rajasthan Royals,,Rajasthan Royals,field,187.0,5.0,179.0,7.0,Won by 8 runs,Mumbai Indians,8.0,,,AT Rayudu,,,,,
829767,2015,2015-05-01,Feroz Shah Kotla,Delhi,Delhi Daredevils,Kings XI Punjab,,Delhi Daredevils,field,118.0,8.0,119.0,1.0,Won by 9 wkts,Delhi Daredevils,,9.0,,NM Coulter-Nile,,,,,
829771,2015,2015-05-02,M Chinnaswamy Stadium,Bangalore,Royal Challengers Bangalore,Kolkata Knight Riders,,Royal Challengers Bangalore,field,111.0,4.0,115.0,3.0,Won by 7 wkts,Royal Challengers Bangalore,,7.0,,Mandeep Singh,,,,,
829773,2015,2015-05-02,"Rajiv Gandhi International Stadium, Uppal",Hyderabad,Sunrisers Hyderabad,Chennai Super Kings,,Chennai Super Kings,field,192.0,7.0,170.0,6.0,Won by 22 runs,Sunrisers Hyderabad,22.0,,,DA Warner,,,,,
829775,2015,2015-05-03,"Punjab Cricket Association Stadium, Mohali",Chandigarh,Kings XI Punjab,Mumbai Indians,,Mumbai Indians,bat,172.0,3.0,149.0,7.0,Won by 23 runs,Mumbai Indians,23.0,,,LMP Simmons,,,,,
829777,2015,2015-05-03,Brabourne Stadium,Mumbai,Rajasthan Royals,Delhi Daredevils,,Delhi Daredevils,field,189.0,2.0,175.0,7.0,Won by 14 runs,Rajasthan Royals,14.0,,,AM Rahane,,,,,
829779,2015,2015-05-04,"MA Chidambaram Stadium, Chepauk",Chennai,Chennai Super Kings,Royal Challengers Bangalore,,Chennai Super Kings,bat,148.0,9.0,124.0,10.0,Won by 24 runs,Chennai Super Kings,24.0,,,SK Raina,,,,,
829781,2015,2015-05-04,Eden Gardens,Kolkata,Kolkata Knight Riders,Sunrisers Hyderabad,,Sunrisers Hyderabad,field,167.0,7.0,132.0,9.0,Won by 35 runs,Kolkata Knight Riders,35.0,,,UT Yadav,,,,,
829783,2015,2015-05-05,Wankhede Stadium,Mumbai,Mumbai Indians,Delhi Daredevils,,Delhi Daredevils,bat,152.0,6.0,153.0,5.0,Won by 5 wkts,Mumbai Indians,,5.0,,Harbhajan Singh,,,,,
829785,2015,2015-05-06,M Chinnaswamy Stadium,Bangalore,Royal Challengers Bangalore,Kings XI Punjab,,Kings XI Punjab,field,226.0,3.0,88.0,10.0,Won by 138 runs,Royal Challengers Bangalore,138.0,,,CH Gayle,,,,,
829787,2015,2015-05-07,Brabourne Stadium,Mumbai,Rajasthan Royals,Sunrisers Hyderabad,,Rajasthan Royals,field,201.0,4.0,194.0,7.0,Won by 7 runs,Sunrisers Hyderabad,7.0,,,EJG Morgan,,,,,
829761,2015,2015-05-07,Eden Gardens,Kolkata,Kolkata Knight Riders,Delhi Daredevils,,Kolkata Knight Riders,bat,171.0,7.0,158.0,6.0,Won by 13 runs,Kolkata Knight Riders,13.0,,,PP Chawla,,,,,
829789,2015,2015-05-08,"MA Chidambaram Stadium, Chepauk",Chennai,Chennai Super Kings,Mumbai Indians,,Chennai Super Kings,bat,158.0,5.0,159.0,4.0,Won by 6 wkts,Mumbai Indians,,6.0,,HH Pandya,,,,,
829791,2015,2015-05-09,Eden Gardens,Kolkata,Kolkata Knight Riders,Kings XI Punjab,,Kings XI Punjab,bat,183.0,5.0,184.0,9.0,Won by 1 wkts,Kolkata Knight Riders,,1.0,,AD Russell,,,,,
829793,2015,2015-05-09,Shaheed Veer Narayan Singh International Stadium,Raipur,Delhi Daredevils,Sunrisers Hyderabad,,Sunrisers Hyderabad,bat,163.0,4.0,157.0,4.0,Won by 6 runs,Sunrisers Hyderabad,6.0,,,MC Henriques,,,,,
829795,2015,2015-05-10,Wankhede Stadium,Mumbai,Mumbai Indians,Royal Challengers Bangalore,,Royal Challengers Bangalore,bat,235.0,1.0,196.0,7.0,Won by 39 runs,Royal Challengers Bangalore,39.0,,,AB de Villiers,,,,,
829797,2015,2015-05-10,"MA Chidambaram Stadium, Chepauk",Chennai,Chennai Super Kings,Rajasthan Royals,,Chennai Super Kings,bat,157.0,5.0,145.0,9.0,Won by 12 runs,Chennai Super Kings,12.0,,,RA Jadeja,,,,,
829799,2015,2015-05-11,"Rajiv Gandhi International Stadium, Uppal",Hyderabad,Sunrisers Hyderabad,Kings XI Punjab,,Sunrisers Hyderabad,bat,185.0,5.0,180.0,7.0,Won by 5 runs,Sunrisers Hyderabad,5.0,,,DA Warner,,,,,
829801,2015,2015-05-12,Shaheed Veer Narayan Singh International Stadium,Raipur,Delhi Daredevils,Chennai Super Kings,,Chennai Super Kings,bat,119.0,6.0,120.0,4.0,Won by 6 wkts,Delhi Daredevils,,6.0,,Z Khan,,,,,
829803,2015,2015-05-13,"Punjab Cricket Association Stadium, Mohali",Chandigarh,Kings XI Punjab,Royal Challengers Bangalore,,Royal Challengers Bangalore,field,106.0,6.0,84.0,6.0,Won by 22 runs,Kings XI Punjab,22.0,,,AR Patel,,,,,
829805,2015,2015-05-14,Wankhede Stadium,Mumbai,Mumbai Indians,Kolkata Knight Riders,,Kolkata Knight Riders,field,171.0,4.0,166.0,7.0,Won by 5 runs,Mumbai Indians,5.0,,,HH Pandya,,,,,
829807,2015,2015-05-15,"Rajiv Gandhi International Stadium, Uppal",Hyderabad,Sunrisers Hyderabad,Royal Challengers Bangalore,,Sunrisers Hyderabad,bat,135.0,3.0,83.0,4.0,Won by 6 wkts,Royal Challengers Bangalore,,6.0,,V Kohli,,,,,
829811,2015,2015-05-16,Brabourne Stadium,Mumbai,Rajasthan Royals,Kolkata Knight Riders,,Rajasthan Royals,bat,199.0,6.0,190.0,9.0,Won by 9 runs,Rajasthan Royals,9.0,,,SR Watson,,,,,
829809,2015,2015-05-16,"Punjab Cricket Association Stadium, Mohali",Chandigarh,Kings XI Punjab,Chennai Super Kings,,Kings XI Punjab,bat,130.0,7.0,134.0,3.0,Won by 7 wkts,Chennai Super Kings,,7.0,,P Negi,,,,,
829813,2015,2015-05-17,M Chinnaswamy Stadium,Bangalore,Royal Challengers Bangalore,Delhi Daredevils,,Royal Challengers Bangalore,field,187.0,5.0,2.0,0.0,Completed,,,,,,,,,,
829815,2015,2015-05-17,"Rajiv Gandhi International Stadium, Uppal",Hyderabad,Sunrisers Hyderabad,Mumbai Indians,,Sunrisers Hyderabad,bat,113.0,10.0,114.0,1.0,Won by 9 wkts,Mumbai Indians,,9.0,,MJ McClenaghan,,,,,
829817,2015,2015-05-19,Wankhede Stadium,Mumbai,Chennai Super Kings,Mumbai Indians,,Mumbai Indians,bat,187.0,6.0,162.0,10.0,Won by 25 runs,Mumbai Indians,25.0,,,KA Pollard,,,,,
829819,2015,2015-05-20,Maharashtra Cricket Association Stadium,Pune,Royal Challengers Bangalore,Rajasthan Royals,,Royal Challengers Bangalore,bat,180.0,4.0,109.0,10.0,Won by 71 runs,Royal Challengers Bangalore,71.0,,,AB de Villiers,,,,,
829821,2015,2015-05-22,JSCA International Stadium Complex,Ranchi,Chennai Super Kings,Royal Challengers Bangalore,,Chennai Super Kings,field,139.0,8.0,140.0,7.0,Won by 3 wkts,Chennai Super Kings,,3.0,,A Nehra,,,,,
829823,2015,2015-05-24,Eden Gardens,Kolkata,Mumbai Indians,Chennai Super Kings,,Chennai Super Kings,field,202.0,5.0,161.0,8.0,Won by 41 runs,Mumbai Indians,41.0,,,RG Sharma,,,,,
980901,2016,2016-04-09,Wankhede Stadium,Mumbai,Mumbai Indians,Rising Pune Supergiants,,Mumbai Indians,bat,121.0,8.0,126.0,1.0,Won by 9 wkts,Rising Pune Supergiants,,9.0,,AM Rahane,,,,,
980903,2016,2016-04-10,Eden Gardens,Kolkata,Kolkata Knight Riders,Delhi Daredevils,,Kolkata Knight Riders,field,98.0,10.0,99.0,1.0,Won by 9 wkts,Kolkata Knight Riders,,9.0,,AD Russell,,,,,
980905,2016,2016-04-11,"Punjab Cricket Association IS Bindra Stadium, Mohali",Chandigarh,Kings XI Punjab,Gujarat Lions,,Gujarat Lions,field,161.0,6.0,162.0,5.0,Won by 5 wkts,Gujarat Lions,,5.0,,AJ Finch,,,,,
980907,2016,2016-04-12,M Chinnaswamy Stadium,Bangalore,Royal Challengers Bangalore,Sunrisers Hyderabad,,Sunrisers Hyderabad,field,227.0,4.0,182.0,6.0,Won by 45 runs,Royal Challengers Bangalore,45.0,,,AB de Villiers,,,,,
980909,2016,2016-04-13,Eden Gardens,Kolkata,Kolkata Knight Riders,Mumbai Indians,,Mumbai Indians,field,187.0,5.0,188.0,4.0,Won by 6 wkts,Mumbai Indians,,6.0,,RG Sharma,,,,,
980911,2016,2016-04-14,Saurashtra Cricket Association Stadium,Rajkot,Gujarat Lions,Rising Pune Supergiants,,Rising Pune Supergiants,bat,163.0,5.0,164.0,3.0,Won by 7 wkts,Gujarat Lions,,7.0,,AJ Finch,,,,,
980913,2016,2016-04-15,Feroz Shah Kotla,Delhi,Delhi Daredevils,Kings XI Punjab,,Delhi Daredevils,field,111.0,9.0,113.0,2.0,Won by 8 wkts,Delhi Daredevils,,8.0,,A Mishra,,,,,
980915,2016,2016-04-16,"Rajiv Gandhi International Stadium, Uppal",Hyderabad,Sunrisers Hyderabad,Kolkata Knight Riders,,Sunrisers Hyderabad,bat,142.0,7.0,146.0,2.0,Won by 8 wkts,Kolkata Knight Riders,,8.0,,G Gambhir,,,,,
980917,2016,2016-04-16,Wankhede Stadium,Mumbai,Mumbai Indians,Gujarat Lions,,Gujarat Lions,field,143.0,8.0,147.0,7.0,Won by 3 wkts,Gujarat Lions,,3.0,,AJ Finch,,,,,
980921,2016,2016-04-17,M Chinnaswamy Stadium,Bangalore,Royal Challengers Bangalore,Delhi Daredevils,,Delhi Daredevils,field,191.0,5.0,192.0,3.0,Won by 7 wkts,Delhi Daredevils,,7.0,,Q de Kock,,,,,
980919,2016,2016-04-17,"Punjab Cricket Association IS Bindra Stadium, Mohali",Chandigarh,Kings XI Punjab,Rising Pune Supergiants,,Rising Pune Supergiants,bat,152.0,7.0,153.0,4.0,Won by 6 wkts,Kings XI Punjab,,6.0,,M Vohra,,,,,
980923,2016,2016-04-18,"Rajiv Gandhi International Stadium, Uppal",Hyderabad,Sunrisers Hyderabad,Mumbai Indians,,Sunrisers Hyderabad,field,142.0,6.0,145.0,3.0,Won by 7 wkts,Sunrisers Hyderabad,,7.0,,DA Warner,,,,,
980925,2016,2016-04-19,"Punjab Cricket Association IS Bindra Stadium, Mohali",Chandigarh,Kings XI Punjab,Kolkata Knight Riders,,Kolkata Knight Riders,field,138.0,8.0,141.0,4.0,Won by 6 wkts,Kolkata Knight Riders,,6.0,,RV Uthappa,,,,,
980927,2016,2016-04-20,Wankhede Stadium,Mumbai,Mumbai Indians,Royal Challengers Bangalore,,Mumbai Indians,field,170.0,7.0,171.0,4.0,Won by 6 wkts,Mumbai Indians,,6.0,,RG Sharma,,,,,
980929,2016,2016-04-21,Saurashtra Cricket Association Stadium,Rajkot,Gujarat Lions,Sunrisers Hyderabad,,Sunrisers Hyderabad,field,135.0,8.0,137.0,0.0,Won by 10 wkts,Sunrisers Hyderabad,,10.0,,B Kumar,,,,,
980931,2016,2016-04-22,Maharashtra Cricket Association Stadium,Pune,Rising Pune Supergiants,Royal Challengers Bangalore,,Rising Pune Supergiants,field,185.0,3.0,172.0,9.0,Won by 13 runs,Royal Challengers Bangalore,13.0,,,AB de Villiers,,,,,
980933,2016,2016-04-23,Feroz Shah Kotla,Delhi,Delhi Daredevils,Mumbai Indians,,Mumbai Indians,field,164.0,4.0,154.0,7.0,Won by 10 runs,Delhi Daredevils,10.0,,,SV Samson,,,,,
980935,2016,2016-04-23,"Rajiv Gandhi International Stadium, Uppal",Hyderabad,Sunrisers Hyderabad,Kings XI Punjab,,Sunrisers Hyderabad,field,143.0,6.0,146.0,5.0,Won by 5 wkts,Sunrisers Hyderabad,,5.0,,Mustafizur Rahman,,,,,
980937,2016,2016-04-24,Saurashtra Cricket Association Stadium,Rajkot,Gujarat Lions,Royal Challengers Bangalore,,Royal Challengers Bangalore,bat,180.0,2.0,182.0,4.0,Won by 6 wkts,Gujarat Lions,,6.0,,V Kohli,,,,,
980939,2016,2016-04-24,Maharashtra Cricket Association Stadium,Pune,Rising Pune Supergiants,Kolkata Knight Riders,,Kolkata Knight Riders,field,160.0,5.0,162.0,8.0,Won by 2 wkts,Kolkata Knight Riders,,2.0,,SA Yadav,,,,,
980941,2016,2016-04-25,"Punjab Cricket Association IS Bindra Stadium, Mohali",Chandigarh,Kings XI Punjab,Mumbai Indians,,Kings XI Punjab,field,189.0,6.0,164.0,7.0,Won by 25 runs,Mumbai Indians,25.0,,,PA Patel,,,,,
980943,2016,2016-04-26,"Rajiv Gandhi International Stadium, Uppal",Hyderabad,Sunrisers Hyderabad,Rising Pune Supergiants,,Rising Pune Supergiants,field,118.0,8.0,94.0,3.0,Won by 34 runs,Rising Pune Supergiants,34.0,,,AB Dinda,,,,,
980945,2016,2016-04-27,Feroz Shah Kotla,Delhi,Delhi Daredevils,Gujarat Lions,,Delhi Daredevils,field,172.0,6.0,171.0,5.0,Won by 1 runs,Gujarat Lions,1.0,,,CH Morris,,,,,
980947,2016,2016-04-28,Wankhede Stadium,Mumbai,Mumbai Indians,Kolkata Knight Riders,,Mumbai Indians,field,174.0,5.0,178.0,4.0,Won by 6 wkts,Mumbai Indians,,6.0,,RG Sharma,,,,,
980949,2016,2016-04-29,Maharashtra Cricket Association Stadium,Pune,Rising Pune Supergiants,Gujarat Lions,,Gujarat Lions,field,195.0,3.0,196.0,7.0,Won by 3 wkts,Gujarat Lions,,3.0,,DR Smith,,,,,
980953,2016,2016-04-30,"Rajiv Gandhi International Stadium, Uppal",Hyderabad,Sunrisers Hyderabad,Royal Challengers Bangalore,,Royal Challengers Bangalore,field,194.0,5.0,179.0,6.0,Won by 15 runs,Sunrisers Hyderabad,15.0,,,DA Warner,,,,,
980951,2016,2016-04-30,Feroz Shah Kotla,Delhi,Delhi Daredevils,Kolkata Knight Riders,,Kolkata Knight Riders,field,186.0,8.0,159.0,10.0,Won by 27 runs,Delhi Daredevils,27.0,,,CR Brathwaite,,,,,
980955,2016,2016-05-01,Saurashtra Cricket Association Stadium,Rajkot,Gujarat Lions,Kings XI Punjab,,Gujarat Lions,field,154.0,10.0,131.0,9.0,Won by 23 runs,Kings XI Punjab,23.0,,,AR Patel,,,,,
980957,2016,2016-05-01,Maharashtra Cricket Association Stadium,Pune,Rising Pune Supergiants,Mumbai Indians,,Mumbai Indians,field,159.0,5.0,161.0,2.0,Won by 8 wkts,Mumbai Indians,,8.0,,RG Sharma,,,,,
980959,2016,2016-05-02,M Chinnaswamy Stadium,Bangalore,Royal Challengers Bangalore,Kolkata Knight Riders,,Kolkata Knight Riders,field,185.0,7.0,189.0,5.0,Won by 5 wkts,Kolkata Knight Riders,,5.0,,AD Russell,,,,,
980961,2016,2016-05-03,Saurashtra Cricket Association Stadium,Rajkot,Gujarat Lions,Delhi Daredevils,,Delhi Daredevils,field,149.0,7.0,150.0,2.0,Won by 8 wkts,Delhi Daredevils,,8.0,,RR Pant,,,,,
980963,2016,2016-05-04,Eden Gardens,Kolkata,Kolkata Knight Riders,Kings XI Punjab,,Kings XI Punjab,field,164.0,3.0,157.0,9.0,Won by 7 runs,Kolkata Knight Riders,7.0,,,AD Russell,,,,,
980965,2016,2016-05-05,Feroz Shah Kotla,Delhi,Delhi Daredevils,Rising Pune Supergiants,,Rising Pune Supergiants,field,162.0,7.0,166.0,3.0,Won by 7 wkts,Rising Pune Supergiants,,7.0,,AM Rahane,,,,,
980967,2016,2016-05-06,"Rajiv Gandhi International Stadium, Uppal",Hyderabad,Sunrisers Hyderabad,Gujarat Lions,,Sunrisers Hyderabad,field,126.0,6.0,129.0,5.0,Won by 5 wkts,Sunrisers Hyderabad,,5.0,,B Kumar,,,,,
980969,2016,2016-05-07,M Chinnaswamy Stadium,Bangalore,Royal Challengers Bangalore,Rising Pune Supergiants,,Royal Challengers Bangalore,field,191.0,6.0,195.0,3.0,Won by 7 wkts,Royal Challengers Bangalore,,7.0,,V Kohli,,,,,
980971,2016,2016-05-07,"Punjab Cricket Association IS Bindra Stadium, Mohali",Chandigarh,Kings XI Punjab,Delhi Daredevils,,Delhi Daredevils,field,181.0,5.0,172.0,5.0,Won by 9 runs,Kings XI Punjab,9.0,,,MP Stoinis,,,,,
980973,2016,2016-05-08,Dr. Y.S. Rajasekhara Reddy ACA-VDCA Cricket Stadium,Visakhapatnam,Mumbai Indians,Sunrisers Hyderabad,,Mumbai Indians,field,177.0,3.0,92.0,10.0,Won by 85 runs,Sunrisers Hyderabad,85.0,,,A Nehra,,,,,
980975,2016,2016-05-08,Eden Gardens,Kolkata,Kolkata Knight Riders,Gujarat Lions,,Gujarat Lions,field,158.0,4.0,164.0,5.0,Won by 5 wkts,Gujarat Lions,,5.0,,P Kumar,,,,,
980977,2016,2016-05-09,"Punjab Cricket Association IS Bindra Stadium, Mohali",Chandigarh,Kings XI Punjab,Royal Challengers Bangalore,,Kings XI Punjab,field,175.0,6.0,174.0,4.0,Won by 1 runs,Royal Challengers Bangalore,1.0,,,SR Watson,,,,,
980979,2016,2016-05-10,Dr. Y.S. Rajasekhara Reddy ACA-VDCA Cricket Stadium,Visakhapatnam,Rising Pune Supergiants,Sunrisers Hyderabad,,Sunrisers Hyderabad,bat,137.0,8.0,133.0,8.0,Won by 4 runs,Sunrisers Hyderabad,4.0,,,A Zampa,,,,,
980981,2016,2016-05-11,M Chinnaswamy Stadium,Bangalore,Royal Challengers Bangalore,Mumbai Indians,,Mumbai Indians,field,151.0,4.0,153.0,4.0,Won by 6 wkts,Mumbai Indians,,6.0,,KH Pandya,,,,,
980983,2016,2016-05-12,"Rajiv Gandhi International Stadium, Uppal",Hyderabad,Sunrisers Hyderabad,Delhi Daredevils,,Delhi Daredevils,field,146.0,8.0,150.0,3.0,Won by 7 wkts,Delhi Daredevils,,7.0,,CH Morris,,,,,
980985,2016,2016-05-13,Dr. Y.S. Rajasekhara Reddy ACA-VDCA Cricket Stadium,Visakhapatnam,Mumbai Indians,Kings XI Punjab,,Mumbai Indians,bat,124.0,9.0,127.0,3.0,Won by 7 wkts,Kings XI Punjab,,7.0,,MP Stoinis,,,,,
980987,2016,2016-05-14,M Chinnaswamy Stadium,Bangalore,Royal Challengers Bangalore,Gujarat Lions,,Gujarat Lions,field,248.0,3.0,104.0,10.0,Won by 144 runs,Royal Challengers Bangalore,144.0,,,AB de Villiers,,,,,
980989,2016,2016-05-14,Eden Gardens,Kolkata,Kolkata Knight Riders,Rising Pune Supergiants,,Rising Pune Supergiants,bat,103.0,6.0,66.0,2.0,Won by 8 wkts,Kolkata Knight Riders,,8.0,,YK Pathan,,,,,
980993,2016,2016-05-15,Dr. Y.S. Rajasekhara Reddy ACA-VDCA Cricket Stadium,Visakhapatnam,Mumbai Indians,Delhi Daredevils,,Delhi Daredevils,field,206.0,4.0,126.0,10.0,Won by 80 runs,Mumbai Indians,80.0,,,KH Pandya,,,,,
980991,2016,2016-05-15,"Punjab Cricket Association IS Bindra Stadium, Mohali",Chandigarh,Kings XI Punjab,Sunrisers Hyderabad,,Kings XI Punjab,bat,179.0,4.0,180.0,3.0,Won by 7 wkts,Sunrisers Hyderabad,,7.0,,HM Amla,,,,,
980995,2016,2016-05-16,Eden Gardens,Kolkata,Kolkata Knight Riders,Royal Challengers Bangalore,,Royal Challengers Bangalore,field,183.0,5.0,186.0,1.0,Won by 9 wkts,Royal Challengers Bangalore,,9.0,,V Kohli,,,,,
980997,2016,2016-05-17,Dr. Y.S. Rajasekhara Reddy ACA-VDCA Cricket Stadium,Visakhapatnam,Rising Pune Supergiants,Delhi Daredevils,,Rising Pune Supergiants,field,121.0,6.0,76.0,1.0,Won by 19 runs,Rising Pune Supergiants,19.0,,,AB Dinda,,,,,
980999,2016,2016-05-18,M Chinnaswamy Stadium,Bangalore,Royal Challengers Bangalore,Kings XI Punjab,,Kings XI Punjab,field,211.0,3.0,120.0,9.0,Won by 82 runs,Royal Challengers Bangalore,82.0,,,V Kohli,,,,,
981001,2016,2016-05-19,Green Park,Kanpur,Gujarat Lions,Kolkata Knight Riders,,Gujarat Lions,field,124.0,8.0,125.0,4.0,Won by 6 wkts,Gujarat Lions,,6.0,,DR Smith,,,,,
981003,2016,2016-05-20,Shaheed Veer Narayan Singh International Stadium,Raipur,Delhi Daredevils,Sunrisers Hyderabad,,Delhi Daredevils,field,158.0,7.0,161.0,4.0,Won by 6 wkts,Delhi Daredevils,,6.0,,KK Nair,,,,,
981005,2016,2016-05-21,Dr. Y.S. Rajasekhara Reddy ACA-VDCA Cricket Stadium,Visakhapatnam,Rising Pune Supergiants,Kings XI Punjab,,Kings XI Punjab,bat,172.0,7.0,173.0,6.0,Won by 4 wkts,Rising Pune Supergiants,,4.0,,MS Dhoni,,,,,
981007,2016,2016-05-21,Green Park,Kanpur,Gujarat Lions,Mumbai Indians,,Gujarat Lions,field,172.0,8.0,173.0,4.0,Won by 6 wkts,Gujarat Lions,,6.0,,SK Raina,,,,,
981009,2016,2016-05-22,Eden Gardens,Kolkata,Kolkata Knight Riders,Sunrisers Hyderabad,,Sunrisers Hyderabad,field,171.0,6.0,149.0,8.0,Won by 22 runs,Kolkata Knight Riders,22.0,,,YK Pathan,,,,,
981011,2016,2016-05-22,Shaheed Veer Narayan Singh International Stadium,Raipur,Delhi Daredevils,Royal Challengers Bangalore,,Royal Challengers Bangalore,field,138.0,8.0,139.0,4.0,Won by 6 wkts,Royal Challengers Bangalore,,6.0,,V Kohli,,,,,
981013,2016,2016-05-24,M Chinnaswamy Stadium,Bangalore,Gujarat Lions,Royal Challengers Bangalore,,Royal Challengers Bangalore,field,158.0,10.0,159.0,6.0,Won by 4 wkts,Royal Challengers Bangalore,,4.0,,AB de Villiers,,,,,
981015,2016,2016-05-25,Feroz Shah Kotla,Delhi,Sunrisers Hyderabad,Kolkata Knight Riders,,Kolkata Knight Riders,field,162.0,8.0,140.0,8.0,Won by 22 runs,Sunrisers Hyderabad,22.0,,,MC Henriques,,,,,
981017,2016,2016-05-27,Feroz Shah Kotla,Delhi,Gujarat Lions,Sunrisers Hyderabad,,Sunrisers Hyderabad,field,162.0,7.0,163.0,6.0,Won by 4 wkts,Sunrisers Hyderabad,,4.0,,DA Warner,,,,,
981019,2016,2016-05-29,M Chinnaswamy Stadium,Bangalore,Royal Challengers Bangalore,Sunrisers Hyderabad,,Sunrisers Hyderabad,bat,208.0,7.0,200.0,7.0,Won by 8 runs,Sunrisers Hyderabad,8.0,,,BCJ Cutting,,,,,
1082591,2017,2017-04-05,"Rajiv Gandhi International Stadium, Uppal",Hyderabad,Sunrisers Hyderabad,Royal Challengers Bangalore,,Royal Challengers Bangalore,field,207.0,4.0,172.0,10.0,Won by 35 runs,Sunrisers Hyderabad,35.0,,,Yuvraj Singh,,,,,
1082592,2017,2017-04-06,Maharashtra Cricket Association Stadium,Pune,Rising Pune Supergiant,Mumbai Indians,,Rising Pune Supergiant,field,184.0,8.0,187.0,3.0,Won by 7 wkts,Rising Pune Supergiant,,7.0,,SPD Smith,,,,,
1082593,2017,2017-04-07,Saurashtra Cricket Association Stadium,Rajkot,Gujarat Lions,Kolkata Knight Riders,,Kolkata Knight Riders,field,183.0,4.0,184.0,0.0,Won by 10 wkts,Kolkata Knight Riders,,10.0,,CA Lynn,,,,,
1082594,2017,2017-04-08,Holkar Cricket Stadium,Indore,Kings XI Punjab,Rising Pune Supergiant,,Kings XI Punjab,field,163.0,6.0,164.0,4.0,Won by 6 wkts,Kings XI Punjab,,6.0,,GJ Maxwell,,,,,
1082595,2017,2017-04-08,M.Chinnaswamy Stadium,Bengaluru,Royal Challengers Bangalore,Delhi Daredevils,,Royal Challengers Bangalore,bat,157.0,8.0,142.0,9.0,Won by 15 runs,Royal Challengers Bangalore,15.0,,,KM Jadhav,,,,,
1082596,2017,2017-04-09,"Rajiv Gandhi International Stadium, Uppal",Hyderabad,Sunrisers Hyderabad,Gujarat Lions,,Sunrisers Hyderabad,field,135.0,7.0,140.0,1.0,Won by 9 wkts,Sunrisers Hyderabad,,9.0,,Rashid Khan,,,,,
1082597,2017,2017-04-09,Wankhede Stadium,Mumbai,Mumbai Indians,Kolkata Knight Riders,,Mumbai Indians,field,178.0,7.0,180.0,6.0,Won by 4 wkts,Mumbai Indians,,4.0,,N Rana,,,,,
1082598,2017,2017-04-10,Holkar Cricket Stadium,Indore,Kings XI Punjab,Royal Challengers Bangalore,,Royal Challengers Bangalore,bat,148.0,4.0,150.0,2.0,Won by 8 wkts,Kings XI Punjab,,8.0,,AR Patel,,,,,
1082599,2017,2017-04-11,Maharashtra Cricket Association Stadium,Pune,Rising Pune Supergiant,Delhi Daredevils,,Rising Pune Supergiant,field,205.0,4.0,108.0,10.0,Won by 97 runs,Delhi Daredevils,97.0,,,SV Samson,,,,,
1082600,2017,2017-04-12,Wankhede Stadium,Mumbai,Mumbai Indians,Sunrisers Hyderabad,,Mumbai Indians,field,158.0,8.0,159.0,6.0,Won by 4 wkts,Mumbai Indians,,4.0,,JJ Bumrah,,,,,
1082601,2017,2017-04-13,Eden Gardens,Kolkata,Kolkata Knight Riders,Kings XI Punjab,,Kolkata Knight Riders,field,170.0,9.0,171.0,2.0,Won by 8 wkts,Kolkata Knight Riders,,8.0,,SP Narine,,,,,
1082603,2017,2017-04-14,Saurashtra Cricket Association Stadium,Rajkot,Gujarat Lions,Rising Pune Supergiant,,Gujarat Lions,field,171.0,8.0,172.0,3.0,Won by 7 wkts,Gujarat Lions,,7.0,,AJ Tye,,,,,
1082602,2017,2017-04-14,M Chinnaswamy Stadium,Bangalore,Royal Challengers Bangalore,Mumbai Indians,,Mumbai Indians,field,142.0,5.0,145.0,6.0,Won by 4 wkts,Mumbai Indians,,4.0,,KA Pollard,,,,,
1082604,2017,2017-04-15,Eden Gardens,Kolkata,Kolkata Knight Riders,Sunrisers Hyderabad,,Sunrisers Hyderabad,field,172.0,6.0,155.0,6.0,Won by 17 runs,Kolkata Knight Riders,17.0,,,RV Uthappa,,,,,
1082605,2017,2017-04-15,Feroz Shah Kotla,Delhi,Delhi Daredevils,Kings XI Punjab,,Delhi Daredevils,bat,188.0,6.0,137.0,9.0,Won by 51 runs,Delhi Daredevils,51.0,,,CJ Anderson,,,,,
1082607,2017,2017-04-16,M Chinnaswamy Stadium,Bangalore,Royal Challengers Bangalore,Rising Pune Supergiant,,Royal Challengers Bangalore,field,161.0,8.0,134.0,9.0,Won by 27 runs,Rising Pune Supergiant,27.0,,,BA Stokes,,,,,
1082606,2017,2017-04-16,Wankhede Stadium,Mumbai,Mumbai Indians,Gujarat Lions,,Mumbai Indians,field,176.0,4.0,177.0,4.0,Won by 6 wkts,Mumbai Indians,,6.0,,N Rana,,,,,
1082609,2017,2017-04-17,"Rajiv Gandhi International Stadium, Uppal",Hyderabad,Sunrisers Hyderabad,Kings XI Punjab,,Kings XI Punjab,field,159.0,6.0,154.0,10.0,Won by 5 runs,Sunrisers Hyderabad,5.0,,,B Kumar,,,,,
1082608,2017,2017-04-17,Feroz Shah Kotla,Delhi,Delhi Daredevils,Kolkata Knight Riders,,Delhi Daredevils,bat,168.0,7.0,169.0,6.0,Won by 4 wkts,Kolkata Knight Riders,,4.0,,NM Coulter-Nile,,,,,
1082610,2017,2017-04-18,Saurashtra Cricket Association Stadium,Rajkot,Gujarat Lions,Royal Challengers Bangalore,,Gujarat Lions,field,213.0,2.0,192.0,7.0,Won by 21 runs,Royal Challengers Bangalore,21.0,,,CH Gayle,,,,,
1082611,2017,2017-04-19,"Rajiv Gandhi International Stadium, Uppal",Hyderabad,Sunrisers Hyderabad,Delhi Daredevils,,Sunrisers Hyderabad,bat,191.0,4.0,176.0,5.0,Won by 15 runs,Sunrisers Hyderabad,15.0,,,KS Williamson,,,,,
1082612,2017,2017-04-20,Holkar Cricket Stadium,Indore,Kings XI Punjab,Mumbai Indians,,Mumbai Indians,field,198.0,4.0,199.0,2.0,Won by 8 wkts,Mumbai Indians,,8.0,,JC Buttler,,,,,
1082613,2017,2017-04-21,Eden Gardens,Kolkata,Kolkata Knight Riders,Gujarat Lions,,Gujarat Lions,field,187.0,5.0,188.0,6.0,Won by 4 wkts,Gujarat Lions,,4.0,,SK Raina,,,,,
1082614,2017,2017-04-22,Wankhede Stadium,Mumbai,Mumbai Indians,Delhi Daredevils,,Delhi Daredevils,field,142.0,8.0,128.0,7.0,Won by 14 runs,Mumbai Indians,14.0,,,MJ McClenaghan,,,,,
1082615,2017,2017-04-22,Maharashtra Cricket Association Stadium,Pune,Rising Pune Supergiant,Sunrisers Hyderabad,,Rising Pune Supergiant,field,176.0,3.0,179.0,4.0,Won by 6 wkts,Rising Pune Supergiant,,6.0,,MS Dhoni,,,,,
1082616,2017,2017-04-23,Saurashtra Cricket Association Stadium,Rajkot,Gujarat Lions,Kings XI Punjab,,Gujarat Lions,field,188.0,7.0,162.0,7.0,Won by 26 runs,Kings XI Punjab,26.0,,,HM Amla,,,,,
1082617,2017,2017-04-23,Eden Gardens,Kolkata,Kolkata Knight Riders,Royal Challengers Bangalore,,Royal Challengers Bangalore,field,131.0,10.0,49.0,10.0,Won by 82 runs,Kolkata Knight Riders,82.0,,,NM Coulter-Nile,,,,,
1082618,2017,2017-04-24,Wankhede Stadium,Mumbai,Mumbai Indians,Rising Pune Supergiant,,Mumbai Indians,field,160.0,6.0,157.0,8.0,Won by 3 runs,Rising Pune Supergiant,3.0,,,BA Stokes,,,,,
1082620,2017,2017-04-26,Maharashtra Cricket Association Stadium,Pune,Rising Pune Supergiant,Kolkata Knight Riders,,Kolkata Knight Riders,field,182.0,5.0,184.0,3.0,Won by 7 wkts,Kolkata Knight Riders,,7.0,,RV Uthappa,,,,,
1082621,2017,2017-04-27,M Chinnaswamy Stadium,Bangalore,Royal Challengers Bangalore,Gujarat Lions,,Gujarat Lions,field,134.0,10.0,135.0,3.0,Won by 7 wkts,Gujarat Lions,,7.0,,AJ Tye,,,,,
1082622,2017,2017-04-28,Eden Gardens,Kolkata,Kolkata Knight Riders,Delhi Daredevils,,Kolkata Knight Riders,field,160.0,6.0,161.0,3.0,Won by 7 wkts,Kolkata Knight Riders,,7.0,,G Gambhir,,,,,
1082623,2017,2017-04-28,"Punjab Cricket Association IS Bindra Stadium, Mohali",Chandigarh,Kings XI Punjab,Sunrisers Hyderabad,,Kings XI Punjab,field,207.0,3.0,181.0,9.0,Won by 26 runs,Sunrisers Hyderabad,26.0,,,Rashid Khan,,,,,
1082625,2017,2017-04-29,Saurashtra Cricket Association Stadium,Rajkot,Gujarat Lions,Mumbai Indians,,Gujarat Lions,bat,153.0,9.0,153.0,10.0,Completed,,,,,KH Pandya,,,,,
1082624,2017,2017-04-29,Maharashtra Cricket Association Stadium,Pune,Rising Pune Supergiant,Royal Challengers Bangalore,,Royal Challengers Bangalore,field,157.0,3.0,96.0,9.0,Won by 61 runs,Rising Pune Supergiant,61.0,,,LH Ferguson,,,,,
1082627,2017,2017-04-30,"Rajiv Gandhi International Stadium, Uppal",Hyderabad,Sunrisers Hyderabad,Kolkata Knight Riders,,Kolkata Knight Riders,field,209.0,3.0,161.0,7.0,Won by 48 runs,Sunrisers Hyderabad,48.0,,,DA Warner,,,,,
1082626,2017,2017-04-30,"Punjab Cricket Association IS Bindra Stadium, Mohali",Chandigarh,Kings XI Punjab,Delhi Daredevils,,Kings XI Punjab,field,67.0,10.0,68.0,0.0,Won by 10 wkts,Kings XI Punjab,,10.0,,Sandeep Sharma,,,,,
1082628,2017,2017-05-01,Wankhede Stadium,Mumbai,Mumbai Indians,Royal Challengers Bangalore,,Royal Challengers Bangalore,bat,162.0,8.0,165.0,6.0,Won by 5 wkts,Mumbai Indians,,5.0,,RG Sharma,,,,,
1082629,2017,2017-05-01,Maharashtra Cricket Association Stadium,Pune,Rising Pune Supergiant,Gujarat Lions,,Rising Pune Supergiant,field,161.0,10.0,167.0,5.0,Won by 5 wkts,Rising Pune Supergiant,,5.0,,BA Stokes,,,,,
1082630,2017,2017-05-02,Feroz Shah Kotla,Delhi,Delhi Daredevils,Sunrisers Hyderabad,,Delhi Daredevils,field,185.0,3.0,189.0,4.0,Won by 6 wkts,Delhi Daredevils,,6.0,,Mohammed Shami,,,,,
1082631,2017,2017-05-03,Eden Gardens,Kolkata,Kolkata Knight Riders,Rising Pune Supergiant,,Rising Pune Supergiant,field,155.0,8.0,158.0,6.0,Won by 4 wkts,Rising Pune Supergiant,,4.0,,RA Tripathi,,,,,
1082632,2017,2017-05-04,Feroz Shah Kotla,Delhi,Delhi Daredevils,Gujarat Lions,,Delhi Daredevils,field,208.0,7.0,214.0,3.0,Won by 7 wkts,Delhi Daredevils,,7.0,,RR Pant,,,,,
1082633,2017,2017-05-05,M Chinnaswamy Stadium,Bangalore,Royal Challengers Bangalore,Kings XI Punjab,,Royal Challengers Bangalore,field,138.0,7.0,119.0,10.0,Won by 19 runs,Kings XI Punjab,19.0,,,Sandeep Sharma,,,,,
1082634,2017,2017-05-06,"Rajiv Gandhi International Stadium, Uppal",Hyderabad,Sunrisers Hyderabad,Rising Pune Supergiant,,Sunrisers Hyderabad,field,148.0,8.0,136.0,9.0,Won by 12 runs,Rising Pune Supergiant,12.0,,,JD Unadkat,,,,,
1082635,2017,2017-05-06,Feroz Shah Kotla,Delhi,Delhi Daredevils,Mumbai Indians,,Delhi Daredevils,field,212.0,3.0,66.0,10.0,Won by 146 runs,Mumbai Indians,146.0,,,LMP Simmons,,,,,
1082636,2017,2017-05-07,M Chinnaswamy Stadium,Bangalore,Royal Challengers Bangalore,Kolkata Knight Riders,,Kolkata Knight Riders,field,158.0,6.0,159.0,4.0,Won by 6 wkts,Kolkata Knight Riders,,6.0,,SP Narine,,,,,
1082637,2017,2017-05-07,"Punjab Cricket Association IS Bindra Stadium, Mohali",Chandigarh,Kings XI Punjab,Gujarat Lions,,Gujarat Lions,field,189.0,3.0,192.0,4.0,Won by 6 wkts,Gujarat Lions,,6.0,,DR Smith,,,,,
1082638,2017,2017-05-08,"Rajiv Gandhi International Stadium, Uppal",Hyderabad,Sunrisers Hyderabad,Mumbai Indians,,Mumbai Indians,bat,138.0,7.0,140.0,3.0,Won by 7 wkts,Sunrisers Hyderabad,,7.0,,S Dhawan,,,,,
1082639,2017,2017-05-09,"Punjab Cricket Association IS Bindra Stadium, Mohali",Chandigarh,Kings XI Punjab,Kolkata Knight Riders,,Kolkata Knight Riders,field,167.0,6.0,153.0,6.0,Won by 14 runs,Kings XI Punjab,14.0,,,MM Sharma,,,,,
1082640,2017,2017-05-10,Green Park,Kanpur,Gujarat Lions,Delhi Daredevils,,Delhi Daredevils,field,195.0,5.0,197.0,8.0,Won by 2 wkts,Delhi Daredevils,,2.0,,SS Iyer,,,,,
1082641,2017,2017-05-11,Wankhede Stadium,Mumbai,Mumbai Indians,Kings XI Punjab,,Mumbai Indians,field,230.0,3.0,223.0,6.0,Won by 7 runs,Kings XI Punjab,7.0,,,WP Saha,,,,,
1082642,2017,2017-05-12,Feroz Shah Kotla,Delhi,Delhi Daredevils,Rising Pune Supergiant,,Delhi Daredevils,bat,168.0,8.0,161.0,7.0,Won by 7 runs,Delhi Daredevils,7.0,,,KK Nair,,,,,
1082643,2017,2017-05-13,Green Park,Kanpur,Gujarat Lions,Sunrisers Hyderabad,,Sunrisers Hyderabad,field,154.0,10.0,158.0,2.0,Won by 8 wkts,Sunrisers Hyderabad,,8.0,,Mohammed Siraj,,,,,
1082644,2017,2017-05-13,Eden Gardens,Kolkata,Kolkata Knight Riders,Mumbai Indians,,Kolkata Knight Riders,field,173.0,5.0,164.0,8.0,Won by 9 runs,Mumbai Indians,9.0,,,AT Rayudu,,,,,
1082645,2017,2017-05-14,Maharashtra Cricket Association Stadium,Pune,Rising Pune Supergiant,Kings XI Punjab,,Rising Pune Supergiant,field,73.0,10.0,78.0,1.0,Won by 9 wkts,Rising Pune Supergiant,,9.0,,JD Unadkat,,,,,
1082646,2017,2017-05-14,Feroz Shah Kotla,Delhi,Delhi Daredevils,Royal Challengers Bangalore,,Royal Challengers Bangalore,bat,161.0,6.0,151.0,10.0,Won by 10 runs,Royal Challengers Bangalore,10.0,,,HV Patel,,,,,
1082647,2017,2017-05-16,Wankhede Stadium,Mumbai,Mumbai Indians,Rising Pune Supergiant,,Mumbai Indians,field,162.0,4.0,142.0,9.0,Won by 20 runs,Rising Pune Supergiant,20.0,,,Washington Sundar,,,,,
1082648,2017,2017-05-17,M Chinnaswamy Stadium,Bangalore,Sunrisers Hyderabad,Kolkata Knight Riders,,Kolkata Knight Riders,field,128.0,7.0,48.0,3.0,Won by 7 wkts,Kolkata Knight Riders,,7.0,,NM Coulter-Nile,,,,,
1082649,2017,2017-05-19,M Chinnaswamy Stadium,Bangalore,Mumbai Indians,Kolkata Knight Riders,,Mumbai Indians,field,107.0,10.0,111.0,4.0,Won by 6 wkts,Mumbai Indians,,6.0,,KV Sharma,,,,,
1082650,2017,2017-05-21,"Rajiv Gandhi International Stadium, Uppal",Hyderabad,Mumbai Indians,Rising Pune Supergiant,,Mumbai Indians,bat,129.0,8.0,128.0,6.0,Won by 1 runs,Mumbai Indians,1.0,,,KH Pandya,,,,,
1136561,2018,2018-04-07,Wankhede Stadium,Mumbai,Mumbai Indians,Chennai Super Kings,,Chennai Super Kings,field,165.0,4.0,169.0,9.0,Won by 1 wkts,Chennai Super Kings,,1.0,,DJ Bravo,,,,,
1136562,2018,2018-04-08,Punjab Cricket Association IS Bindra Stadium,Chandigarh,Delhi Daredevils,Kings XI Punjab,,Kings XI Punjab,field,166.0,7.0,167.0,4.0,Won by 6 wkts,Kings XI Punjab,,6.0,,KL Rahul,,,,,
1136563,2018,2018-04-08,Eden Gardens,Kolkata,Royal Challengers Bangalore,Kolkata Knight Riders,,Kolkata Knight Riders,field,176.0,7.0,177.0,6.0,Won by 4 wkts,Kolkata Knight Riders,,4.0,,SP Narine,,,,,
1136564,2018,2018-04-09,Rajiv Gandhi International Stadium,Hyderabad,Rajasthan Royals,Sunrisers Hyderabad,,Sunrisers Hyderabad,field,125.0,9.0,127.0,1.0,Won by 9 wkts,Sunrisers Hyderabad,,9.0,,S Dhawan,,,,,
1136565,2018,2018-04-10,MA Chidambaram Stadium,Chennai,Kolkata Knight Riders,Chennai Super Kings,,Chennai Super Kings,field,202.0,6.0,205.0,5.0,Won by 5 wkts,Chennai Super Kings,,5.0,,SW Billings,,,,,
1136566,2018,2018-04-11,Sawai Mansingh Stadium,Jaipur,Rajasthan Royals,Delhi Daredevils,,Delhi Daredevils,field,153.0,5.0,60.0,4.0,Won by 10 runs,Rajasthan Royals,10.0,,,SV Samson,,,,,
1136567,2018,2018-04-12,Rajiv Gandhi International Stadium,Hyderabad,Mumbai Indians,Sunrisers Hyderabad,,Sunrisers Hyderabad,field,147.0,8.0,151.0,9.0,Won by 1 wkts,Sunrisers Hyderabad,,1.0,,Rashid Khan,,,,,
1136568,2018,2018-04-13,M.Chinnaswamy Stadium,Bengaluru,Kings XI Punjab,Royal Challengers Bangalore,,Royal Challengers Bangalore,field,155.0,10.0,159.0,6.0,Won by 4 wkts,Royal Challengers Bangalore,,4.0,,UT Yadav,,,,,
1136569,2018,2018-04-14,Wankhede Stadium,Mumbai,Mumbai Indians,Delhi Daredevils,,Delhi Daredevils,field,194.0,7.0,195.0,3.0,Won by 7 wkts,Delhi Daredevils,,7.0,,JJ Roy,,,,,
1136570,2018,2018-04-14,Eden Gardens,Kolkata,Kolkata Knight Riders,Sunrisers Hyderabad,,Sunrisers Hyderabad,field,138.0,8.0,139.0,5.0,Won by 5 wkts,Sunrisers Hyderabad,,5.0,,B Stanlake,,,,,
1136571,2018,2018-04-15,M.Chinnaswamy Stadium,Bengaluru,Rajasthan Royals,Royal Challengers Bangalore,,Royal Challengers Bangalore,field,217.0,4.0,198.0,6.0,Won by 19 runs,Rajasthan Royals,19.0,,,SV Samson,,,,,
1136572,2018,2018-04-15,Punjab Cricket Association IS Bindra Stadium,Chandigarh,Kings XI Punjab,Chennai Super Kings,,Chennai Super Kings,field,197.0,7.0,193.0,5.0,Won by 4 runs,Kings XI Punjab,4.0,,,CH Gayle,,,,,
1136573,2018,2018-04-16,Eden Gardens,Kolkata,Kolkata Knight Riders,Delhi Daredevils,,Delhi Daredevils,field,200.0,9.0,129.0,10.0,Won by 71 runs,Kolkata Knight Riders,71.0,,,N Rana,,,,,
1136574,2018,2018-04-17,Wankhede Stadium,Mumbai,Mumbai Indians,Royal Challengers Bangalore,,Royal Challengers Bangalore,field,213.0,6.0,167.0,8.0,Won by 46 runs,Mumbai Indians,46.0,,,RG Sharma,,,,,
1136575,2018,2018-04-18,Sawai Mansingh Stadium,Jaipur,Rajasthan Royals,Kolkata Knight Riders,,Kolkata Knight Riders,field,160.0,8.0,163.0,3.0,Won by 7 wkts,Kolkata Knight Riders,,7.0,,N Rana,,,,,
1136576,2018,2018-04-19,Punjab Cricket Association IS Bindra Stadium,Chandigarh,Kings XI Punjab,Sunrisers Hyderabad,,Kings XI Punjab,bat,193.0,3.0,178.0,5.0,Won by 15 runs,Kings XI Punjab,15.0,,,CH Gayle,,,,,
1136577,2018,2018-04-20,Maharashtra Cricket Association Stadium,Pune,Chennai Super Kings,Rajasthan Royals,,Rajasthan Royals,field,204.0,5.0,140.0,10.0,Won by 64 runs,Chennai Super Kings,64.0,,,SR Watson,,,,,
1136579,2018,2018-04-21,M.Chinnaswamy Stadium,Bengaluru,Delhi Daredevils,Royal Challengers Bangalore,,Royal Challengers Bangalore,field,174.0,5.0,176.0,4.0,Won by 6 wkts,Royal Challengers Bangalore,,6.0,,AB de Villiers,,,,,
1136578,2018,2018-04-21,Eden Gardens,Kolkata,Kolkata Knight Riders,Kings XI Punjab,,Kings XI Punjab,field,191.0,7.0,126.0,1.0,Won by 9 wkts,Kings XI Punjab,,9.0,,KL Rahul,,,,,
1136580,2018,2018-04-22,Rajiv Gandhi International Stadium,Hyderabad,Chennai Super Kings,Sunrisers Hyderabad,,Sunrisers Hyderabad,field,182.0,3.0,178.0,6.0,Won by 4 runs,Chennai Super Kings,4.0,,,AT Rayudu,,,,,
1136581,2018,2018-04-22,Sawai Mansingh Stadium,Jaipur,Mumbai Indians,Rajasthan Royals,,Mumbai Indians,bat,167.0,7.0,168.0,7.0,Won by 3 wkts,Rajasthan Royals,,3.0,,JC Archer,,,,,
1136582,2018,2018-04-23,Arun Jaitley Stadium,Delhi,Kings XI Punjab,Delhi Daredevils,,Delhi Daredevils,field,143.0,8.0,139.0,8.0,Won by 4 runs,Kings XI Punjab,4.0,,,AS Rajpoot,,,,,
1136583,2018,2018-04-24,Wankhede Stadium,Mumbai,Sunrisers Hyderabad,Mumbai Indians,,Mumbai Indians,field,118.0,10.0,87.0,10.0,Won by 31 runs,Sunrisers Hyderabad,31.0,,,Rashid Khan,,,,,
1136584,2018,2018-04-25,M.Chinnaswamy Stadium,Bengaluru,Royal Challengers Bangalore,Chennai Super Kings,,Chennai Super Kings,field,205.0,8.0,207.0,5.0,Won by 5 wkts,Chennai Super Kings,,5.0,,MS Dhoni,,,,,
1136585,2018,2018-04-26,Rajiv Gandhi International Stadium,Hyderabad,Sunrisers Hyderabad,Kings XI Punjab,,Kings XI Punjab,field,132.0,6.0,119.0,10.0,Won by 13 runs,Sunrisers Hyderabad,13.0,,,AS Rajpoot,,,,,
1136586,2018,2018-04-27,Arun Jaitley Stadium,Delhi,Delhi Daredevils,Kolkata Knight Riders,,Kolkata Knight Riders,field,219.0,4.0,164.0,9.0,Won by 55 runs,Delhi Daredevils,55.0,,,SS Iyer,,,,,
1136587,2018,2018-04-28,Maharashtra Cricket Association Stadium,Pune,Chennai Super Kings,Mumbai Indians,,Mumbai Indians,field,169.0,5.0,170.0,2.0,Won by 8 wkts,Mumbai Indians,,8.0,,RG Sharma,,,,,
1136588,2018,2018-04-29,Sawai Mansingh Stadium,Jaipur,Sunrisers Hyderabad,Rajasthan Royals,,Sunrisers Hyderabad,bat,151.0,7.0,140.0,6.0,Won by 11 runs,Sunrisers Hyderabad,11.0,,,KS Williamson,,,,,
1136589,2018,2018-04-29,M.Chinnaswamy Stadium,Bengaluru,Royal Challengers Bangalore,Kolkata Knight Riders,,Kolkata Knight Riders,field,175.0,4.0,176.0,5.0,Won by 6 wkts,Kolkata Knight Riders,,6.0,,CA Lynn,,,,,
1136590,2018,2018-04-30,Maharashtra Cricket Association Stadium,Pune,Chennai Super Kings,Delhi Daredevils,,Delhi Daredevils,field,211.0,4.0,198.0,5.0,Won by 13 runs,Chennai Super Kings,13.0,,,SR Watson,,,,,
1136591,2018,2018-05-01,M.Chinnaswamy Stadium,Bengaluru,Royal Challengers Bangalore,Mumbai Indians,,Mumbai Indians,field,167.0,7.0,153.0,7.0,Won by 14 runs,Royal Challengers Bangalore,14.0,,,TG Southee,,,,,
1136592,2018,2018-05-02,Arun Jaitley Stadium,Delhi,Delhi Daredevils,Rajasthan Royals,,Rajasthan Royals,field,196.0,6.0,146.0,5.0,Won by 4 runs,Delhi Daredevils,4.0,,,RR Pant,,,,,
1136593,2018,2018-05-03,Eden Gardens,Kolkata,Chennai Super Kings,Kolkata Knight Riders,,Kolkata Knight Riders,field,177.0,5.0,180.0,4.0,Won by 6 wkts,Kolkata Knight Riders,,6.0,,SP Narine,,,,,
1136594,2018,2018-05-04,Holkar Cricket Stadium,Indore,Kings XI Punjab,Mumbai Indians,,Mumbai Indians,field,174.0,6.0,176.0,4.0,Won by 6 wkts,Mumbai Indians,,6.0,,SA Yadav,,,,,
1136596,2018,2018-05-05,Rajiv Gandhi International Stadium,Hyderabad,Delhi Daredevils,Sunrisers Hyderabad,,Delhi Daredevils,bat,163.0,5.0,164.0,3.0,Won by 7 wkts,Sunrisers Hyderabad,,7.0,,Rashid Khan,,,,,
1136595,2018,2018-05-05,Maharashtra Cricket Association Stadium,Pune,Royal Challengers Bangalore,Chennai Super Kings,,Chennai Super Kings,field,127.0,9.0,128.0,4.0,Won by 6 wkts,Chennai Super Kings,,6.0,,RA Jadeja,,,,,
1136597,2018,2018-05-06,Wankhede Stadium,Mumbai,Mumbai Indians,Kolkata Knight Riders,,Kolkata Knight Riders,field,181.0,4.0,168.0,6.0,Won by 13 runs,Mumbai Indians,13.0,,,HH Pandya,,,,,
1136598,2018,2018-05-06,Holkar Cricket Stadium,Indore,Rajasthan Royals,Kings XI Punjab,,Kings XI Punjab,field,152.0,9.0,155.0,4.0,Won by 6 wkts,Kings XI Punjab,,6.0,,Mujeeb Ur Rahman,,,,,
1136599,2018,2018-05-07,Rajiv Gandhi International Stadium,Hyderabad,Sunrisers Hyderabad,Royal Challengers Bangalore,,Royal Challengers Bangalore,field,146.0,10.0,141.0,6.0,Won by 5 runs,Sunrisers Hyderabad,5.0,,,KS Williamson,,,,,
1136600,2018,2018-05-08,Sawai Mansingh Stadium,Jaipur,Rajasthan Royals,Kings XI Punjab,,Rajasthan Royals,bat,158.0,8.0,143.0,7.0,Won by 15 runs,Rajasthan Royals,15.0,,,JC Buttler,,,,,
1136601,2018,2018-05-09,Eden Gardens,Kolkata,Mumbai Indians,Kolkata Knight Riders,,Kolkata Knight Riders,field,210.0,6.0,108.0,10.0,Won by 102 runs,Mumbai Indians,102.0,,,Ishan Kishan,,,,,
1136602,2018,2018-05-10,Arun Jaitley Stadium,Delhi,Delhi Daredevils,Sunrisers Hyderabad,,Delhi Daredevils,bat,187.0,5.0,191.0,1.0,Won by 9 wkts,Sunrisers Hyderabad,,9.0,,S Dhawan,,,,,
1136603,2018,2018-05-11,Sawai Mansingh Stadium,Jaipur,Chennai Super Kings,Rajasthan Royals,,Chennai Super Kings,bat,176.0,4.0,177.0,6.0,Won by 4 wkts,Rajasthan Royals,,4.0,,JC Buttler,,,,,
1136604,2018,2018-05-12,Holkar Cricket Stadium,Indore,Kolkata Knight Riders,Kings XI Punjab,,Kings XI Punjab,field,245.0,6.0,214.0,8.0,Won by 31 runs,Kolkata Knight Riders,31.0,,,SP Narine,,,,,
1136605,2018,2018-05-12,Arun Jaitley Stadium,Delhi,Delhi Daredevils,Royal Challengers Bangalore,,Royal Challengers Bangalore,field,181.0,4.0,187.0,5.0,Won by 5 wkts,Royal Challengers Bangalore,,5.0,,AB de Villiers,,,,,
1136606,2018,2018-05-13,Maharashtra Cricket Association Stadium,Pune,Sunrisers Hyderabad,Chennai Super Kings,,Chennai Super Kings,field,179.0,4.0,180.0,2.0,Won by 8 wkts,Chennai Super Kings,,8.0,,AT Rayudu,,,,,
1136607,2018,2018-05-13,Wankhede Stadium,Mumbai,Mumbai Indians,Rajasthan Royals,,Rajasthan Royals,field,168.0,6.0,171.0,3.0,Won by 7 wkts,Rajasthan Royals,,7.0,,JC Buttler,,,,,
1136608,2018,2018-05-14,Holkar Cricket Stadium,Indore,Kings XI Punjab,Royal Challengers Bangalore,,Royal Challengers Bangalore,field,88.0,10.0,92.0,0.0,Won by 10 wkts,Royal Challengers Bangalore,,10.0,,UT Yadav,,,,,
1136609,2018,2018-05-15,Eden Gardens,Kolkata,Rajasthan Royals,Kolkata Knight Riders,,Kolkata Knight Riders,field,142.0,10.0,145.0,4.0,Won by 6 wkts,Kolkata Knight Riders,,6.0,,Kuldeep Yadav,,,,,
1136610,2018,2018-05-16,Wankhede Stadium,Mumbai,Mumbai Indians,Kings XI Punjab,,Kings XI Punjab,field,186.0,8.0,183.0,5.0,Won by 3 runs,Mumbai Indians,3.0,,,JJ Bumrah,,,,,
1136611,2018,2018-05-17,M.Chinnaswamy Stadium,Bengaluru,Royal Challengers Bangalore,Sunrisers Hyderabad,,Sunrisers Hyderabad,field,218.0,6.0,204.0,3.0,Won by 14 runs,Royal Challengers Bangalore,14.0,,,AB de Villiers,,,,,
1136612,2018,2018-05-18,Arun Jaitley Stadium,Delhi,Delhi Daredevils,Chennai Super Kings,,Chennai Super Kings,field,162.0,5.0,128.0,6.0,Won by 34 runs,Delhi Daredevils,34.0,,,HV Patel,,,,,
1136613,2018,2018-05-19,Sawai Mansingh Stadium,Jaipur,Rajasthan Royals,Royal Challengers Bangalore,,Rajasthan Royals,bat,164.0,5.0,134.0,10.0,Won by 30 runs,Rajasthan Royals,30.0,,,S Gopal,,,,,
1136614,2018,2018-05-19,Rajiv Gandhi International Stadium,Hyderabad,Sunrisers Hyderabad,Kolkata Knight Riders,,Sunrisers Hyderabad,bat,172.0,9.0,173.0,5.0,Won by 5 wkts,Kolkata Knight Riders,,5.0,,CA Lynn,,,,,
1136615,2018,2018-05-20,Arun Jaitley Stadium,Delhi,Delhi Daredevils,Mumbai Indians,,Delhi Daredevils,bat,174.0,4.0,163.0,10.0,Won by 11 runs,Delhi Daredevils,11.0,,,A Mishra,,,,,
1136616,2018,2018-05-20,Maharashtra Cricket Association Stadium,Pune,Kings XI Punjab,Chennai Super Kings,,Chennai Super Kings,field,153.0,10.0,159.0,5.0,Won by 5 wkts,Chennai Super Kings,,5.0,,L Ngidi,,,,,
1136617,2018,2018-05-22,Wankhede Stadium,Mumbai,Sunrisers Hyderabad,Chennai Super Kings,,Chennai Super Kings,field,139.0,7.0,140.0,8.0,Won by 2 wkts,Chennai Super Kings,,2.0,,F du Plessis,,,,,
1136618,2018,2018-05-23,Eden Gardens,Kolkata,Kolkata Knight Riders,Rajasthan Royals,,Rajasthan Royals,field,169.0,7.0,144.0,4.0,Won by 25 runs,Kolkata Knight Riders,25.0,,,AD Russell,,,,,
1136619,2018,2018-05-25,Eden Gardens,Kolkata,Sunrisers Hyderabad,Kolkata Knight Riders,,Kolkata Knight Riders,field,174.0,7.0,160.0,9.0,Won by 14 runs,Sunrisers Hyderabad,14.0,,,Rashid Khan,,,,,
1136620,2018,2018-05-27,Wankhede Stadium,Mumbai,Sunrisers Hyderabad,Chennai Super Kings,,Chennai Super Kings,field,178.0,6.0,181.0,2.0,Won by 8 wkts,Chennai Super Kings,,8.0,,SR Watson,,,,,
1175356,2019,2019-03-23,MA Chidambaram Stadium,Chennai,Royal Challengers Bangalore,Chennai Super Kings,,Chennai Super Kings,field,70.0,10.0,71.0,3.0,Won by 7 wkts,Chennai Super Kings,,7.0,,Harbhajan Singh,,,,,
1175357,2019,2019-03-24,Eden Gardens,Kolkata,Sunrisers Hyderabad,Kolkata Knight Riders,,Kolkata Knight Riders,field,181.0,3.0,183.0,4.0,Won by 6 wkts,Kolkata Knight Riders,,6.0,,AD Russell,,,,,
1175358,2019,2019-03-24,Wankhede Stadium,Mumbai,Delhi Capitals,Mumbai Indians,,Mumbai Indians,field,213.0,6.0,176.0,9.0,Won by 37 runs,Delhi Capitals,37.0,,,RR Pant,,,,,
1175359,2019,2019-03-25,Sawai Mansingh Stadium,Jaipur,Kings XI Punjab,Rajasthan Royals,,Rajasthan Royals,field,184.0,4.0,170.0,9.0,Won by 14 runs,Kings XI Punjab,14.0,,,CH Gayle,,,,,
1175360,2019,2019-03-26,Arun Jaitley Stadium,Delhi,Delhi Capitals,Chennai Super Kings,,Delhi Capitals,bat,147.0,6.0,150.0,4.0,Won by 6 wkts,Chennai Super Kings,,6.0,,SR Watson,,,,,
1175361,2019,2019-03-27,Eden Gardens,Kolkata,Kolkata Knight Riders,Kings XI Punjab,,Kings XI Punjab,field,218.0,4.0,190.0,4.0,Won by 28 runs,Kolkata Knight Riders,28.0,,,AD Russell,,,,,
1175362,2019,2019-03-28,M.Chinnaswamy Stadium,Bengaluru,Mumbai Indians,Royal Challengers Bangalore,,Royal Challengers Bangalore,field,187.0,8.0,181.0,5.0,Won by 6 runs,Mumbai Indians,6.0,,,JJ Bumrah,,,,,
1175363,2019,2019-03-29,Rajiv Gandhi International Stadium,Hyderabad,Rajasthan Royals,Sunrisers Hyderabad,,Rajasthan Royals,bat,198.0,2.0,201.0,5.0,Won by 5 wkts,Sunrisers Hyderabad,,5.0,,Rashid Khan,,,,,
1175364,2019,2019-03-30,Punjab Cricket Association IS Bindra Stadium,Chandigarh,Mumbai Indians,Kings XI Punjab,,Kings XI Punjab,field,176.0,7.0,177.0,2.0,Won by 8 wkts,Kings XI Punjab,,8.0,,MA Agarwal,,,,,
1175365,2019,2019-03-30,Arun Jaitley Stadium,Delhi,Kolkata Knight Riders,Delhi Capitals,,Delhi Capitals,field,185.0,8.0,185.0,6.0,Completed,,,,,PP Shaw,,,,,
1175366,2019,2019-03-31,Rajiv Gandhi International Stadium,Hyderabad,Sunrisers Hyderabad,Royal Challengers Bangalore,,Royal Challengers Bangalore,field,231.0,2.0,113.0,10.0,Won by 118 runs,Sunrisers Hyderabad,118.0,,,JM Bairstow,,,,,
1175367,2019,2019-03-31,MA Chidambaram Stadium,Chennai,Chennai Super Kings,Rajasthan Royals,,Rajasthan Royals,field,175.0,5.0,167.0,8.0,Won by 8 runs,Chennai Super Kings,8.0,,,MS Dhoni,,,,,
1175368,2019,2019-04-01,Punjab Cricket Association IS Bindra Stadium,Chandigarh,Kings XI Punjab,Delhi Capitals,,Delhi Capitals,field,166.0,9.0,152.0,10.0,Won by 14 runs,Kings XI Punjab,14.0,,,SM Curran,,,,,
1175369,2019,2019-04-02,Sawai Mansingh Stadium,Jaipur,Royal Challengers Bangalore,Rajasthan Royals,,Rajasthan Royals,field,158.0,4.0,164.0,3.0,Won by 7 wkts,Rajasthan Royals,,7.0,,S Gopal,,,,,
1175370,2019,2019-04-03,Wankhede Stadium,Mumbai,Mumbai Indians,Chennai Super Kings,,Chennai Super Kings,field,170.0,5.0,133.0,8.0,Won by 37 runs,Mumbai Indians,37.0,,,HH Pandya,,,,,
1175371,2019,2019-04-04,Arun Jaitley Stadium,Delhi,Delhi Capitals,Sunrisers Hyderabad,,Sunrisers Hyderabad,field,129.0,8.0,131.0,5.0,Won by 5 wkts,Sunrisers Hyderabad,,5.0,,JM Bairstow,,,,,
1175372,2019,2019-04-05,M.Chinnaswamy Stadium,Bengaluru,Royal Challengers Bangalore,Kolkata Knight Riders,,Kolkata Knight Riders,field,205.0,3.0,206.0,5.0,Won by 5 wkts,Kolkata Knight Riders,,5.0,,AD Russell,,,,,
1178394,2019,2019-04-06,Rajiv Gandhi International Stadium,Hyderabad,Mumbai Indians,Sunrisers Hyderabad,,Sunrisers Hyderabad,field,136.0,7.0,96.0,10.0,Won by 40 runs,Mumbai Indians,40.0,,,AS Joseph,,,,,
1178393,2019,2019-04-06,MA Chidambaram Stadium,Chennai,Chennai Super Kings,Kings XI Punjab,,Chennai Super Kings,bat,160.0,3.0,138.0,5.0,Won by 22 runs,Chennai Super Kings,22.0,,,Harbhajan Singh,,,,,
1178395,2019,2019-04-07,M.Chinnaswamy Stadium,Bengaluru,Royal Challengers Bangalore,Delhi Capitals,,Delhi Capitals,field,149.0,8.0,152.0,6.0,Won by 4 wkts,Delhi Capitals,,4.0,,K Rabada,,,,,
1178396,2019,2019-04-07,Sawai Mansingh Stadium,Jaipur,Rajasthan Royals,Kolkata Knight Riders,,Kolkata Knight Riders,field,139.0,3.0,140.0,2.0,Won by 8 wkts,Kolkata Knight Riders,,8.0,,HF Gurney,,,,,
1178397,2019,2019-04-08,Punjab Cricket Association IS Bindra Stadium,Chandigarh,Sunrisers Hyderabad,Kings XI Punjab,,Kings XI Punjab,field,150.0,4.0,151.0,4.0,Won by 6 wkts,Kings XI Punjab,,6.0,,KL Rahul,,,,,
1178398,2019,2019-04-09,MA Chidambaram Stadium,Chennai,Kolkata Knight Riders,Chennai Super Kings,,Chennai Super Kings,field,108.0,9.0,111.0,3.0,Won by 7 wkts,Chennai Super Kings,,7.0,,DL Chahar,,,,,
1178399,2019,2019-04-10,Wankhede Stadium,Mumbai,Kings XI Punjab,Mumbai Indians,,Mumbai Indians,field,197.0,4.0,198.0,7.0,Won by 3 wkts,Mumbai Indians,,3.0,,KA Pollard,,,,,
1178400,2019,2019-04-11,Sawai Mansingh Stadium,Jaipur,Rajasthan Royals,Chennai Super Kings,,Chennai Super Kings,field,151.0,7.0,155.0,6.0,Won by 4 wkts,Chennai Super Kings,,4.0,,MS Dhoni,,,,,
1178401,2019,2019-04-12,Eden Gardens,Kolkata,Kolkata Knight Riders,Delhi Capitals,,Delhi Capitals,field,178.0,7.0,180.0,3.0,Won by 7 wkts,Delhi Capitals,,7.0,,S Dhawan,,,,,
1178403,2019,2019-04-13,Punjab Cricket Association IS Bindra Stadium,Chandigarh,Kings XI Punjab,Royal Challengers Bangalore,,Royal Challengers Bangalore,field,173.0,4.0,174.0,2.0,Won by 8 wkts,Royal Challengers Bangalore,,8.0,,AB de Villiers,,,,,
1178402,2019,2019-04-13,Wankhede Stadium,Mumbai,Mumbai Indians,Rajasthan Royals,,Rajasthan Royals,field,187.0,5.0,188.0,6.0,Won by 4 wkts,Rajasthan Royals,,4.0,,JC Buttler,,,,,
1178405,2019,2019-04-14,Rajiv Gandhi International Stadium,Hyderabad,Delhi Capitals,Sunrisers Hyderabad,,Sunrisers Hyderabad,field,155.0,7.0,116.0,10.0,Won by 39 runs,Delhi Capitals,39.0,,,KMA Paul,,,,,
1178404,2019,2019-04-14,Eden Gardens,Kolkata,Kolkata Knight Riders,Chennai Super Kings,,Chennai Super Kings,field,161.0,8.0,162.0,5.0,Won by 5 wkts,Chennai Super Kings,,5.0,,Imran Tahir,,,,,
1178406,2019,2019-04-15,Wankhede Stadium,Mumbai,Royal Challengers Bangalore,Mumbai Indians,,Mumbai Indians,field,171.0,7.0,172.0,5.0,Won by 5 wkts,Mumbai Indians,,5.0,,SL Malinga,,,,,
1178407,2019,2019-04-16,Punjab Cricket Association IS Bindra Stadium,Chandigarh,Kings XI Punjab,Rajasthan Royals,,Rajasthan Royals,field,182.0,6.0,170.0,7.0,Won by 12 runs,Kings XI Punjab,12.0,,,R Ashwin,,,,,
1178408,2019,2019-04-17,Rajiv Gandhi International Stadium,Hyderabad,Chennai Super Kings,Sunrisers Hyderabad,,Chennai Super Kings,bat,132.0,5.0,137.0,4.0,Won by 6 wkts,Sunrisers Hyderabad,,6.0,,DA Warner,,,,,
1178409,2019,2019-04-18,Arun Jaitley Stadium,Delhi,Mumbai Indians,Delhi Capitals,,Mumbai Indians,bat,168.0,5.0,128.0,9.0,Won by 40 runs,Mumbai Indians,40.0,,,HH Pandya,,,,,
1178410,2019,2019-04-19,Eden Gardens,Kolkata,Royal Challengers Bangalore,Kolkata Knight Riders,,Kolkata Knight Riders,field,213.0,4.0,203.0,5.0,Won by 10 runs,Royal Challengers Bangalore,10.0,,,V Kohli,,,,,
1178411,2019,2019-04-20,Sawai Mansingh Stadium,Jaipur,Mumbai Indians,Rajasthan Royals,,Rajasthan Royals,field,161.0,5.0,162.0,5.0,Won by 5 wkts,Rajasthan Royals,,5.0,,SPD Smith,,,,,
1178412,2019,2019-04-20,Arun Jaitley Stadium,Delhi,Kings XI Punjab,Delhi Capitals,,Delhi Capitals,field,163.0,7.0,166.0,5.0,Won by 5 wkts,Delhi Capitals,,5.0,,SS Iyer,,,,,
1178413,2019,2019-04-21,Rajiv Gandhi International Stadium,Hyderabad,Kolkata Knight Riders,Sunrisers Hyderabad,,Sunrisers Hyderabad,field,159.0,8.0,161.0,1.0,Won by 9 wkts,Sunrisers Hyderabad,,9.0,,KK Ahmed,,,,,
1178414,2019,2019-04-21,M.Chinnaswamy Stadium,Bengaluru,Royal Challengers Bangalore,Chennai Super Kings,,Chennai Super Kings,field,161.0,7.0,160.0,8.0,Won by 1 runs,Royal Challengers Bangalore,1.0,,,PA Patel,,,,,
1178415,2019,2019-04-22,Sawai Mansingh Stadium,Jaipur,Rajasthan Royals,Delhi Capitals,,Delhi Capitals,field,191.0,6.0,193.0,4.0,Won by 6 wkts,Delhi Capitals,,6.0,,RR Pant,,,,,
1178416,2019,2019-04-23,MA Chidambaram Stadium,Chennai,Sunrisers Hyderabad,Chennai Super Kings,,Chennai Super Kings,field,175.0,3.0,176.0,4.0,Won by 6 wkts,Chennai Super Kings,,6.0,,SR Watson,,,,,
1178417,2019,2019-04-24,M.Chinnaswamy Stadium,Bengaluru,Royal Challengers Bangalore,Kings XI Punjab,,Kings XI Punjab,field,202.0,4.0,185.0,7.0,Won by 17 runs,Royal Challengers Bangalore,17.0,,,AB de Villiers,,,,,
1178418,2019,2019-04-25,Eden Gardens,Kolkata,Kolkata Knight Riders,Rajasthan Royals,,Rajasthan Royals,field,175.0,6.0,177.0,7.0,Won by 3 wkts,Rajasthan Royals,,3.0,,VR Aaron,,,,,
1178419,2019,2019-04-26,MA Chidambaram Stadium,Chennai,Mumbai Indians,Chennai Super Kings,,Chennai Super Kings,field,155.0,4.0,109.0,10.0,Won by 46 runs,Mumbai Indians,46.0,,,RG Sharma,,,,,
1178420,2019,2019-04-27,Sawai Mansingh Stadium,Jaipur,Sunrisers Hyderabad,Rajasthan Royals,,Rajasthan Royals,field,160.0,8.0,161.0,3.0,Won by 7 wkts,Rajasthan Royals,,7.0,,JD Unadkat,,,,,
1178421,2019,2019-04-28,Arun Jaitley Stadium,Delhi,Delhi Capitals,Royal Challengers Bangalore,,Delhi Capitals,bat,187.0,5.0,171.0,7.0,Won by 16 runs,Delhi Capitals,16.0,,,S Dhawan,,,,,
1178422,2019,2019-04-28,Eden Gardens,Kolkata,Kolkata Knight Riders,Mumbai Indians,,Mumbai Indians,field,232.0,2.0,198.0,7.0,Won by 34 runs,Kolkata Knight Riders,34.0,,,AD Russell,,,,,
1178423,2019,2019-04-29,Rajiv Gandhi International Stadium,Hyderabad,Sunrisers Hyderabad,Kings XI Punjab,,Kings XI Punjab,field,212.0,6.0,167.0,8.0,Won by 45 runs,Sunrisers Hyderabad,45.0,,,DA Warner,,,,,
1178424,2019,2019-04-30,M.Chinnaswamy Stadium,Bengaluru,Royal Challengers Bangalore,Rajasthan Royals,,Rajasthan Royals,field,62.0,7.0,41.0,1.0,Completed,,,,,,,,,,
1178425,2019,2019-05-01,MA Chidambaram Stadium,Chennai,Chennai Super Kings,Delhi Capitals,,Delhi Capitals,field,179.0,4.0,99.0,10.0,Won by 80 runs,Chennai Super Kings,80.0,,,MS Dhoni,,,,,
1178426,2019,2019-05-02,Wankhede Stadium,Mumbai,Mumbai Indians,Sunrisers Hyderabad,,Mumbai Indians,bat,162.0,5.0,162.0,6.0,Completed,,,,,JJ Bumrah,,,,,
1178427,2019,2019-05-03,Punjab Cricket Association IS Bindra Stadium,Chandigarh,Kings XI Punjab,Kolkata Knight Riders,,Kolkata Knight Riders,field,183.0,6.0,185.0,3.0,Won by 7 wkts,Kolkata Knight Riders,,7.0,,Shubman Gill,,,,,
1178428,2019,2019-05-04,Arun Jaitley Stadium,Delhi,Rajasthan Royals,Delhi Capitals,,Rajasthan Royals,bat,115.0,9.0,121.0,5.0,Won by 5 wkts,Delhi Capitals,,5.0,,A Mishra,,,,,
1178429,2019,2019-05-04,M.Chinnaswamy Stadium,Bengaluru,Sunrisers Hyderabad,Royal Challengers Bangalore,,Royal Challengers Bangalore,field,175.0,7.0,178.0,6.0,Won by 4 wkts,Royal Challengers Bangalore,,4.0,,SO Hetmyer,,,,,
1178430,2019,2019-05-05,Punjab Cricket Association IS Bindra Stadium,Chandigarh,Chennai Super Kings,Kings XI Punjab,,Kings XI Punjab,field,170.0,5.0,173.0,4.0,Won by 6 wkts,Kings XI Punjab,,6.0,,KL Rahul,,,,,
1178431,2019,2019-05-05,Wankhede Stadium,Mumbai,Kolkata Knight Riders,Mumbai Indians,,Mumbai Indians,field,133.0,7.0,134.0,1.0,Won by 9 wkts,Mumbai Indians,,9.0,,HH Pandya,,,,,
1181764,2019,2019-05-07,MA Chidambaram Stadium,Chennai,Chennai Super Kings,Mumbai Indians,,Chennai Super Kings,bat,131.0,4.0,132.0,4.0,Won by 6 wkts,Mumbai Indians,,6.0,,SA Yadav,,,,,
1181766,2019,2019-05-08,Dr. Y.S. Rajasekhara Reddy ACA-VDCA Cricket Stadium,Visakhapatnam,Sunrisers Hyderabad,Delhi Capitals,,Delhi Capitals,field,162.0,8.0,165.0,8.0,Won by 2 wkts,Delhi Capitals,,2.0,,RR Pant,,,,,
1181767,2019,2019-05-10,Dr. Y.S. Rajasekhara Reddy ACA-VDCA Cricket Stadium,Visakhapatnam,Delhi Capitals,Chennai Super Kings,,Chennai Super Kings,field,147.0,9.0,151.0,4.0,Won by 6 wkts,Chennai Super Kings,,6.0,,F du Plessis,,,,,
1181768,2019,2019-05-12,Rajiv Gandhi International Stadium,Hyderabad,Mumbai Indians,Chennai Super Kings,,Mumbai Indians,bat,149.0,8.0,148.0,7.0,Won by 1 runs,Mumbai Indians,1.0,,,JJ Bumrah,,,,,
1216492,2020/21,2020-09-19,Sheikh Zayed Stadium,Abu Dhabi,Mumbai Indians,Chennai Super Kings,,Chennai Super Kings,field,162.0,9.0,166.0,5.0,Won by 5 wkts,Chennai Super Kings,,5.0,,AT Rayudu,,,,,
1216493,2020/21,2020-09-20,Dubai International Cricket Stadium,,Delhi Capitals,Kings XI Punjab,,Kings XI Punjab,field,157.0,8.0,157.0,8.0,Completed,,,,,MP Stoinis,,,,,
1216534,2020/21,2020-09-21,Dubai International Cricket Stadium,,Royal Challengers Bangalore,Sunrisers Hyderabad,,Sunrisers Hyderabad,field,163.0,5.0,153.0,10.0,Won by 10 runs,Royal Challengers Bangalore,10.0,,,YS Chahal,,,,,
1216496,2020/21,2020-09-22,Sharjah Cricket Stadium,,Rajasthan Royals,Chennai Super Kings,,Chennai Super Kings,field,216.0,7.0,200.0,6.0,Won by 16 runs,Rajasthan Royals,16.0,,,SV Samson,,,,,
1216508,2020/21,2020-09-23,Sheikh Zayed Stadium,Abu Dhabi,Mumbai Indians,Kolkata Knight Riders,,Kolkata Knight Riders,field,195.0,5.0,146.0,9.0,Won by 49 runs,Mumbai Indians,49.0,,,RG Sharma,,,,,
1216510,2020/21,2020-09-24,Dubai International Cricket Stadium,,Kings XI Punjab,Royal Challengers Bangalore,,Royal Challengers Bangalore,field,206.0,3.0,109.0,10.0,Won by 97 runs,Kings XI Punjab,97.0,,,KL Rahul,,,,,
1216539,2020/21,2020-09-25,Dubai International Cricket Stadium,,Delhi Capitals,Chennai Super Kings,,Chennai Super Kings,field,175.0,3.0,131.0,7.0,Won by 44 runs,Delhi Capitals,44.0,,,PP Shaw,,,,,
1216545,2020/21,2020-09-26,Sheikh Zayed Stadium,Abu Dhabi,Sunrisers Hyderabad,Kolkata Knight Riders,,Sunrisers Hyderabad,bat,142.0,4.0,145.0,3.0,Won by 7 wkts,Kolkata Knight Riders,,7.0,,Shubman Gill,,,,,
1216527,2020/21,2020-09-27,Sharjah Cricket Stadium,,Kings XI Punjab,Rajasthan Royals,,Rajasthan Royals,field,223.0,2.0,226.0,6.0,Won by 4 wkts,Rajasthan Royals,,4.0,,SV Samson,,,,,
1216547,2020/21,2020-09-28,Dubai International Cricket Stadium,,Royal Challengers Bangalore,Mumbai Indians,,Mumbai Indians,field,201.0,3.0,201.0,5.0,Completed,,,,,AB de Villiers,,,,,
1216532,2020/21,2020-09-29,Sheikh Zayed Stadium,Abu Dhabi,Sunrisers Hyderabad,Delhi Capitals,,Delhi Capitals,field,162.0,4.0,147.0,7.0,Won by 15 runs,Sunrisers Hyderabad,15.0,,,Rashid Khan,,,,,
1216504,2020/21,2020-09-30,Dubai International Cricket Stadium,,Kolkata Knight Riders,Rajasthan Royals,,Rajasthan Royals,field,174.0,6.0,137.0,9.0,Won by 37 runs,Kolkata Knight Riders,37.0,,,Shivam Mavi,,,,,
1216503,2020/21,2020-10-01,Sheikh Zayed Stadium,Abu Dhabi,Mumbai Indians,Kings XI Punjab,,Kings XI Punjab,field,191.0,4.0,143.0,8.0,Won by 48 runs,Mumbai Indians,48.0,,,KA Pollard,,,,,
1216516,2020/21,2020-10-02,Dubai International Cricket Stadium,,Sunrisers Hyderabad,Chennai Super Kings,,Sunrisers Hyderabad,bat,164.0,5.0,157.0,5.0,Won by 7 runs,Sunrisers Hyderabad,7.0,,,PK Garg,,,,,
1216515,2020/21,2020-10-03,Sharjah Cricket Stadium,,Delhi Capitals,Kolkata Knight Riders,,Kolkata Knight Riders,field,228.0,4.0,210.0,8.0,Won by 18 runs,Delhi Capitals,18.0,,,SS Iyer,,,,,
1216514,2020/21,2020-10-03,Sheikh Zayed Stadium,Abu Dhabi,Rajasthan Royals,Royal Challengers Bangalore,,Rajasthan Royals,bat,154.0,6.0,158.0,2.0,Won by 8 wkts,Royal Challengers Bangalore,,8.0,,YS Chahal,,,,,
1216538,2020/21,2020-10-04,Sharjah Cricket Stadium,,Mumbai Indians,Sunrisers Hyderabad,,Mumbai Indians,bat,208.0,5.0,174.0,7.0,Won by 34 runs,Mumbai Indians,34.0,,,TA Boult,,,,,
1216513,2020/21,2020-10-04,Dubai International Cricket Stadium,,Kings XI Punjab,Chennai Super Kings,,Kings XI Punjab,bat,178.0,4.0,181.0,0.0,Won by 10 wkts,Chennai Super Kings,,10.0,,SR Watson,,,,,
1216519,2020/21,2020-10-05,Dubai International Cricket Stadium,,Delhi Capitals,Royal Challengers Bangalore,,Royal Challengers Bangalore,field,196.0,4.0,137.0,9.0,Won by 59 runs,Delhi Capitals,59.0,,,AR Patel,,,,,
1216511,2020/21,2020-10-06,Sheikh Zayed Stadium,Abu Dhabi,Mumbai Indians,Rajasthan Royals,,Mumbai Indians,bat,193.0,4.0,136.0,10.0,Won by 57 runs,Mumbai Indians,57.0,,,SA Yadav,,,,,
1216501,2020/21,2020-10-07,Sheikh Zayed Stadium,Abu Dhabi,Kolkata Knight Riders,Chennai Super Kings,,Kolkata Knight Riders,bat,167.0,10.0,157.0,5.0,Won by 10 runs,Kolkata Knight Riders,10.0,,,RA Tripathi,,,,,
1216542,2020/21,2020-10-08,Dubai International Cricket Stadium,,Sunrisers Hyderabad,Kings XI Punjab,,Sunrisers Hyderabad,bat,201.0,6.0,132.0,10.0,Won by 69 runs,Sunrisers Hyderabad,69.0,,,JM Bairstow,,,,,
1216500,2020/21,2020-10-09,Sharjah Cricket Stadium,,Delhi Capitals,Rajasthan Royals,,Rajasthan Royals,field,184.0,8.0,138.0,10.0,Won by 46 runs,Delhi Capitals,46.0,,,R Ashwin,,,,,
1216523,2020/21,2020-10-10,Sheikh Zayed Stadium,Abu Dhabi,Kolkata Knight Riders,Kings XI Punjab,,Kolkata Knight Riders,bat,164.0,6.0,162.0,5.0,Won by 2 runs,Kolkata Knight Riders,2.0,,,KD Karthik,,,,,
1216525,2020/21,2020-10-10,Dubai International Cricket Stadium,,Royal Challengers Bangalore,Chennai Super Kings,,Royal Challengers Bangalore,bat,169.0,4.0,132.0,8.0,Won by 37 runs,Royal Challengers Bangalore,37.0,,,V Kohli,,,,,
1216507,2020/21,2020-10-11,Dubai International Cricket Stadium,,Sunrisers Hyderabad,Rajasthan Royals,,Sunrisers Hyderabad,bat,158.0,4.0,163.0,5.0,Won by 5 wkts,Rajasthan Royals,,5.0,,R Tewatia,,,,,
1216529,2020/21,2020-10-11,Sheikh Zayed Stadium,Abu Dhabi,Delhi Capitals,Mumbai Indians,,Delhi Capitals,bat,162.0,4.0,166.0,5.0,Won by 5 wkts,Mumbai Indians,,5.0,,Q de Kock,,,,,
1216540,2020/21,2020-10-12,Sharjah Cricket Stadium,,Royal Challengers Bangalore,Kolkata Knight Riders,,Royal Challengers Bangalore,bat,194.0,2.0,112.0,9.0,Won by 82 runs,Royal Challengers Bangalore,82.0,,,AB de Villiers,,,,,
1216528,2020/21,2020-10-13,Dubai International Cricket Stadium,,Chennai Super Kings,Sunrisers Hyderabad,,Chennai Super Kings,bat,167.0,6.0,147.0,8.0,Won by 20 runs,Chennai Super Kings,20.0,,,RA Jadeja,,,,,
1216543,2020/21,2020-10-14,Dubai International Cricket Stadium,,Delhi Capitals,Rajasthan Royals,,Delhi Capitals,bat,161.0,7.0,148.0,8.0,Won by 13 runs,Delhi Capitals,13.0,,,A Nortje,,,,,
1216531,2020/21,2020-10-15,Sharjah Cricket Stadium,,Royal Challengers Bangalore,Kings XI Punjab,,Royal Challengers Bangalore,bat,171.0,6.0,177.0,2.0,Won by 8 wkts,Kings XI Punjab,,8.0,,KL Rahul,,,,,
1216526,2020/21,2020-10-16,Sheikh Zayed Stadium,Abu Dhabi,Kolkata Knight Riders,Mumbai Indians,,Kolkata Knight Riders,bat,148.0,5.0,149.0,2.0,Won by 8 wkts,Mumbai Indians,,8.0,,Q de Kock,,,,,
1216522,2020/21,2020-10-17,Dubai International Cricket Stadium,,Rajasthan Royals,Royal Challengers Bangalore,,Rajasthan Royals,bat,177.0,6.0,179.0,3.0,Won by 7 wkts,Royal Challengers Bangalore,,7.0,,AB de Villiers,,,,,
1216509,2020/21,2020-10-17,Sharjah Cricket Stadium,,Chennai Super Kings,Delhi Capitals,,Chennai Super Kings,bat,179.0,4.0,185.0,5.0,Won by 5 wkts,Delhi Capitals,,5.0,,S Dhawan,,,,,
1216517,2020/21,2020-10-18,Dubai International Cricket Stadium,,Mumbai Indians,Kings XI Punjab,,Mumbai Indians,bat,176.0,6.0,176.0,6.0,Completed,,,,,KL Rahul,,,,,
1216512,2020/21,2020-10-18,Sheikh Zayed Stadium,Abu Dhabi,Kolkata Knight Riders,Sunrisers Hyderabad,,Sunrisers Hyderabad,field,163.0,5.0,163.0,6.0,Completed,,,,,LH Ferguson,,,,,
1216533,2020/21,2020-10-19,Sheikh Zayed Stadium,Abu Dhabi,Chennai Super Kings,Rajasthan Royals,,Chennai Super Kings,bat,125.0,5.0,126.0,3.0,Won by 7 wkts,Rajasthan Royals,,7.0,,JC Buttler,,,,,
1216546,2020/21,2020-10-20,Dubai International Cricket Stadium,,Delhi Capitals,Kings XI Punjab,,Delhi Capitals,bat,164.0,5.0,167.0,5.0,Won by 5 wkts,Kings XI Punjab,,5.0,,S Dhawan,,,,,
1216494,2020/21,2020-10-21,Sheikh Zayed Stadium,Abu Dhabi,Kolkata Knight Riders,Royal Challengers Bangalore,,Kolkata Knight Riders,bat,84.0,8.0,85.0,2.0,Won by 8 wkts,Royal Challengers Bangalore,,8.0,,Mohammed Siraj,,,,,
1216518,2020/21,2020-10-22,Dubai International Cricket Stadium,,Rajasthan Royals,Sunrisers Hyderabad,,Sunrisers Hyderabad,field,154.0,6.0,156.0,2.0,Won by 8 wkts,Sunrisers Hyderabad,,8.0,,MK Pandey,,,,,
1216521,2020/21,2020-10-23,Sharjah Cricket Stadium,,Chennai Super Kings,Mumbai Indians,,Mumbai Indians,field,114.0,9.0,116.0,0.0,Won by 10 wkts,Mumbai Indians,,10.0,,TA Boult,,,,,
1216498,2020/21,2020-10-24,Dubai International Cricket Stadium,,Kings XI Punjab,Sunrisers Hyderabad,,Sunrisers Hyderabad,field,126.0,7.0,114.0,10.0,Won by 12 runs,Kings XI Punjab,12.0,,,CJ Jordan,,,,,
1216497,2020/21,2020-10-24,Sheikh Zayed Stadium,Abu Dhabi,Kolkata Knight Riders,Delhi Capitals,,Delhi Capitals,field,194.0,6.0,135.0,9.0,Won by 59 runs,Kolkata Knight Riders,59.0,,,CV Varun,,,,,
1216541,2020/21,2020-10-25,Sheikh Zayed Stadium,Abu Dhabi,Mumbai Indians,Rajasthan Royals,,Mumbai Indians,bat,195.0,5.0,196.0,2.0,Won by 8 wkts,Rajasthan Royals,,8.0,,BA Stokes,,,,,
1216544,2020/21,2020-10-25,Dubai International Cricket Stadium,,Royal Challengers Bangalore,Chennai Super Kings,,Royal Challengers Bangalore,bat,145.0,6.0,150.0,2.0,Won by 8 wkts,Chennai Super Kings,,8.0,,RD Gaikwad,,,,,
1216520,2020/21,2020-10-26,Sharjah Cricket Stadium,,Kolkata Knight Riders,Kings XI Punjab,,Kings XI Punjab,field,149.0,9.0,150.0,2.0,Won by 8 wkts,Kings XI Punjab,,8.0,,CH Gayle,,,,,
1216524,2020/21,2020-10-27,Dubai International Cricket Stadium,,Sunrisers Hyderabad,Delhi Capitals,,Delhi Capitals,field,219.0,2.0,131.0,10.0,Won by 88 runs,Sunrisers Hyderabad,88.0,,,WP Saha,,,,,
1216499,2020/21,2020-10-28,Sheikh Zayed Stadium,Abu Dhabi,Royal Challengers Bangalore,Mumbai Indians,,Mumbai Indians,field,164.0,6.0,166.0,5.0,Won by 5 wkts,Mumbai Indians,,5.0,,SA Yadav,,,,,
1216536,2020/21,2020-10-29,Dubai International Cricket Stadium,,Kolkata Knight Riders,Chennai Super Kings,,Chennai Super Kings,field,172.0,5.0,178.0,4.0,Won by 6 wkts,Chennai Super Kings,,6.0,,RD Gaikwad,,,,,
1216537,2020/21,2020-10-30,Sheikh Zayed Stadium,Abu Dhabi,Kings XI Punjab,Rajasthan Royals,,Rajasthan Royals,field,185.0,4.0,186.0,3.0,Won by 7 wkts,Rajasthan Royals,,7.0,,BA Stokes,,,,,
1216535,2020/21,2020-10-31,Dubai International Cricket Stadium,,Delhi Capitals,Mumbai Indians,,Mumbai Indians,field,110.0,9.0,111.0,1.0,Won by 9 wkts,Mumbai Indians,,9.0,,Ishan Kishan,,,,,
1216502,2020/21,2020-10-31,Sharjah Cricket Stadium,,Royal Challengers Bangalore,Sunrisers Hyderabad,,Sunrisers Hyderabad,field,120.0,7.0,121.0,5.0,Won by 5 wkts,Sunrisers Hyderabad,,5.0,,Sandeep Sharma,,,,,
1216530,2020/21,2020-11-01,Dubai International Cricket Stadium,,Kolkata Knight Riders,Rajasthan Royals,,Rajasthan Royals,field,191.0,7.0,131.0,9.0,Won by 60 runs,Kolkata Knight Riders,60.0,,,PJ Cummins,,,,,
1216506,2020/21,2020-11-01,Sheikh Zayed Stadium,Abu Dhabi,Kings XI Punjab,Chennai Super Kings,,Chennai Super Kings,field,153.0,6.0,154.0,1.0,Won by 9 wkts,Chennai Super Kings,,9.0,,RD Gaikwad,,,,,
1216505,2020/21,2020-11-02,Sheikh Zayed Stadium,Abu Dhabi,Royal Challengers Bangalore,Delhi Capitals,,Delhi Capitals,field,152.0,7.0,154.0,4.0,Won by 6 wkts,Delhi Capitals,,6.0,,A Nortje,,,,,
1216495,2020/21,2020-11-03,Sharjah Cricket Stadium,,Mumbai Indians,Sunrisers Hyderabad,,Sunrisers Hyderabad,field,149.0,8.0,151.0,0.0,Won by 10 wkts,Sunrisers Hyderabad,,10.0,,S Nadeem,,,,,
1237177,2020/21,2020-11-05,Dubai International Cricket Stadium,,Mumbai Indians,Delhi Capitals,,Delhi Capitals,field,200.0,5.0,143.0,8.0,Won by 57 runs,Mumbai Indians,57.0,,,JJ Bumrah,,,,,
1237178,2020/21,2020-11-06,Sheikh Zayed Stadium,Abu Dhabi,Royal Challengers Bangalore,Sunrisers Hyderabad,,Sunrisers Hyderabad,field,131.0,7.0,132.0,4.0,Won by 6 wkts,Sunrisers Hyderabad,,6.0,,KS Williamson,,,,,
1237180,2020/21,2020-11-08,Sheikh Zayed Stadium,Abu Dhabi,Delhi Capitals,Sunrisers Hyderabad,,Delhi Capitals,bat,189.0,3.0,172.0,8.0,Won by 17 runs,Delhi Capitals,17.0,,,MP Stoinis,,,,,
1237181,2020/21,2020-11-10,Dubai International Cricket Stadium,,Delhi Capitals,Mumbai Indians,,Delhi Capitals,bat,156.0,7.0,157.0,5.0,Won by 5 wkts,Mumbai Indians,,5.0,,TA Boult,,,,,
1254058,2021,2021-04-09,"MA Chidambaram Stadium, Chepauk, Chennai",Chennai,Mumbai Indians,Royal Challengers Bangalore,,Royal Challengers Bangalore,field,159.0,9.0,160.0,8.0,Won by 2 wkts,Royal Challengers Bangalore,,2.0,,HV Patel,,,,,
1254059,2021,2021-04-10,"Wankhede Stadium, Mumbai",Mumbai,Chennai Super Kings,Delhi Capitals,,Delhi Capitals,field,188.0,7.0,190.0,3.0,Won by 7 wkts,Delhi Capitals,,7.0,,S Dhawan,,,,,
1254060,2021,2021-04-11,"MA Chidambaram Stadium, Chepauk, Chennai",Chennai,Kolkata Knight Riders,Sunrisers Hyderabad,,Sunrisers Hyderabad,field,187.0,6.0,177.0,5.0,Won by 10 runs,Kolkata Knight Riders,10.0,,,N Rana,,,,,
1254061,2021,2021-04-12,"Wankhede Stadium, Mumbai",Mumbai,Punjab Kings,Rajasthan Royals,,Rajasthan Royals,field,221.0,6.0,217.0,7.0,Won by 4 runs,Punjab Kings,4.0,,,SV Samson,,,,,
1254062,2021,2021-04-13,"MA Chidambaram Stadium, Chepauk, Chennai",Chennai,Mumbai Indians,Kolkata Knight Riders,,Kolkata Knight Riders,field,152.0,10.0,142.0,7.0,Won by 10 runs,Mumbai Indians,10.0,,,RD Chahar,,,,,
1254063,2021,2021-04-14,"MA Chidambaram Stadium, Chepauk, Chennai",Chennai,Royal Challengers Bangalore,Sunrisers Hyderabad,,Sunrisers Hyderabad,field,149.0,8.0,143.0,9.0,Won by 6 runs,Royal Challengers Bangalore,6.0,,,GJ Maxwell,,,,,
1254064,2021,2021-04-15,"Wankhede Stadium, Mumbai",Mumbai,Delhi Capitals,Rajasthan Royals,,Rajasthan Royals,field,147.0,8.0,150.0,7.0,Won by 3 wkts,Rajasthan Royals,,3.0,,JD Unadkat,,,,,
1254065,2021,2021-04-16,"Wankhede Stadium, Mumbai",Mumbai,Punjab Kings,Chennai Super Kings,,Chennai Super Kings,field,106.0,8.0,107.0,4.0,Won by 6 wkts,Chennai Super Kings,,6.0,,DL Chahar,,,,,
1254066,2021,2021-04-17,"MA Chidambaram Stadium, Chepauk, Chennai",Chennai,Mumbai Indians,Sunrisers Hyderabad,,Mumbai Indians,bat,150.0,5.0,137.0,10.0,Won by 13 runs,Mumbai Indians,13.0,,,KA Pollard,,,,,
1254068,2021,2021-04-18,"Wankhede Stadium, Mumbai",Mumbai,Punjab Kings,Delhi Capitals,,Delhi Capitals,field,195.0,4.0,198.0,4.0,Won by 6 wkts,Delhi Capitals,,6.0,,S Dhawan,,,,,
1254067,2021,2021-04-18,"MA Chidambaram Stadium, Chepauk, Chennai",Chennai,Royal Challengers Bangalore,Kolkata Knight Riders,,Royal Challengers Bangalore,bat,204.0,4.0,166.0,8.0,Won by 38 runs,Royal Challengers Bangalore,38.0,,,AB de Villiers,,,,,
1254069,2021,2021-04-19,"Wankhede Stadium, Mumbai",Mumbai,Chennai Super Kings,Rajasthan Royals,,Rajasthan Royals,field,188.0,9.0,143.0,9.0,Won by 45 runs,Chennai Super Kings,45.0,,,MM Ali,,,,,
1254070,2021,2021-04-20,"MA Chidambaram Stadium, Chepauk, Chennai",Chennai,Mumbai Indians,Delhi Capitals,,Mumbai Indians,bat,137.0,9.0,138.0,4.0,Won by 6 wkts,Delhi Capitals,,6.0,,A Mishra,,,,,
1254071,2021,2021-04-21,"MA Chidambaram Stadium, Chepauk, Chennai",Chennai,Punjab Kings,Sunrisers Hyderabad,,Punjab Kings,bat,120.0,10.0,121.0,1.0,Won by 9 wkts,Sunrisers Hyderabad,,9.0,,JM Bairstow,,,,,
1254072,2021,2021-04-21,"Wankhede Stadium, Mumbai",Mumbai,Chennai Super Kings,Kolkata Knight Riders,,Kolkata Knight Riders,field,220.0,3.0,202.0,10.0,Won by 18 runs,Chennai Super Kings,18.0,,,F du Plessis,,,,,
1254073,2021,2021-04-22,"Wankhede Stadium, Mumbai",Mumbai,Rajasthan Royals,Royal Challengers Bangalore,,Royal Challengers Bangalore,field,177.0,9.0,181.0,0.0,Won by 10 wkts,Royal Challengers Bangalore,,10.0,,D Padikkal,,,,,
1254074,2021,2021-04-23,"MA Chidambaram Stadium, Chepauk, Chennai",Chennai,Mumbai Indians,Punjab Kings,,Punjab Kings,field,131.0,6.0,132.0,1.0,Won by 9 wkts,Punjab Kings,,9.0,,KL Rahul,,,,,
1254075,2021,2021-04-24,"Wankhede Stadium, Mumbai",Mumbai,Kolkata Knight Riders,Rajasthan Royals,,Rajasthan Royals,field,133.0,9.0,134.0,4.0,Won by 6 wkts,Rajasthan Royals,,6.0,,CH Morris,,,,,
1254076,2021,2021-04-25,"Wankhede Stadium, Mumbai",Mumbai,Chennai Super Kings,Royal Challengers Bangalore,,Chennai Super Kings,bat,191.0,4.0,122.0,9.0,Won by 69 runs,Chennai Super Kings,69.0,,,RA Jadeja,,,,,
1254077,2021,2021-04-25,"MA Chidambaram Stadium, Chepauk, Chennai",Chennai,Delhi Capitals,Sunrisers Hyderabad,,Delhi Capitals,bat,159.0,4.0,159.0,7.0,Completed,,,,,PP Shaw,,,,,
1254078,2021,2021-04-26,"Narendra Modi Stadium, Ahmedabad",Ahmedabad,Punjab Kings,Kolkata Knight Riders,,Kolkata Knight Riders,field,123.0,9.0,126.0,5.0,Won by 5 wkts,Kolkata Knight Riders,,5.0,,EJG Morgan,,,,,
1254079,2021,2021-04-27,"Narendra Modi Stadium, Ahmedabad",Ahmedabad,Royal Challengers Bangalore,Delhi Capitals,,Delhi Capitals,field,171.0,5.0,170.0,4.0,Won by 1 runs,Royal Challengers Bangalore,1.0,,,AB de Villiers,,,,,
1254080,2021,2021-04-28,"Arun Jaitley Stadium, Delhi",Delhi,Sunrisers Hyderabad,Chennai Super Kings,,Sunrisers Hyderabad,bat,171.0,3.0,173.0,3.0,Won by 7 wkts,Chennai Super Kings,,7.0,,RD Gaikwad,,,,,
1254081,2021,2021-04-29,"Arun Jaitley Stadium, Delhi",Delhi,Rajasthan Royals,Mumbai Indians,,Mumbai Indians,field,171.0,4.0,172.0,3.0,Won by 7 wkts,Mumbai Indians,,7.0,,Q de Kock,,,,,
1254082,2021,2021-04-29,"Narendra Modi Stadium, Ahmedabad",Ahmedabad,Kolkata Knight Riders,Delhi Capitals,,Delhi Capitals,field,154.0,6.0,156.0,3.0,Won by 7 wkts,Delhi Capitals,,7.0,,PP Shaw,,,,,
1254083,2021,2021-04-30,"Narendra Modi Stadium, Ahmedabad",Ahmedabad,Punjab Kings,Royal Challengers Bangalore,,Royal Challengers Bangalore,field,179.0,5.0,145.0,8.0,Won by 34 runs,Punjab Kings,34.0,,,Harpreet Brar,,,,,
1254084,2021,2021-05-01,"Arun Jaitley Stadium, Delhi",Delhi,Chennai Super Kings,Mumbai Indians,,Mumbai Indians,field,218.0,4.0,219.0,6.0,Won by 4 wkts,Mumbai Indians,,4.0,,KA Pollard,,,,,
1254085,2021,2021-05-02,"Arun Jaitley Stadium, Delhi",Delhi,Rajasthan Royals,Sunrisers Hyderabad,,Sunrisers Hyderabad,field,220.0,3.0,165.0,8.0,Won by 55 runs,Rajasthan Royals,55.0,,,JC Buttler,,,,,
1254086,2021,2021-05-02,"Narendra Modi Stadium, Ahmedabad",Ahmedabad,Punjab Kings,Delhi Capitals,,Delhi Capitals,field,166.0,6.0,167.0,3.0,Won by 7 wkts,Delhi Capitals,,7.0,,MA Agarwal,,,,,
1254104,2021,2021-09-19,Dubai International Cricket Stadium,Dubai,Chennai Super Kings,Mumbai Indians,,Chennai Super Kings,bat,156.0,7.0,136.0,8.0,Won by 20 runs,Chennai Super Kings,20.0,,,RD Gaikwad,,,,,
1254087,2021,2021-09-20,"Zayed Cricket Stadium, Abu Dhabi",Abu Dhabi,Royal Challengers Bangalore,Kolkata Knight Riders,,Royal Challengers Bangalore,bat,92.0,10.0,94.0,1.0,Won by 9 wkts,Kolkata Knight Riders,,9.0,,CV Varun,,,,,
1254111,2021,2021-09-21,Dubai International Cricket Stadium,Dubai,Rajasthan Royals,Punjab Kings,,Punjab Kings,field,185.0,10.0,183.0,4.0,Won by 2 runs,Rajasthan Royals,2.0,,,Kartik Tyagi,,,,,
1254105,2021,2021-09-22,Dubai International Cricket Stadium,Dubai,Sunrisers Hyderabad,Delhi Capitals,,Sunrisers Hyderabad,bat,134.0,9.0,139.0,2.0,Won by 8 wkts,Delhi Capitals,,8.0,,A Nortje,,,,,
1254096,2021,2021-09-23,"Zayed Cricket Stadium, Abu Dhabi",Abu Dhabi,Mumbai Indians,Kolkata Knight Riders,,Kolkata Knight Riders,field,155.0,6.0,159.0,3.0,Won by 7 wkts,Kolkata Knight Riders,,7.0,,SP Narine,,,,,
1254113,2021,2021-09-24,Sharjah Cricket Stadium,Sharjah,Royal Challengers Bangalore,Chennai Super Kings,,Chennai Super Kings,field,156.0,6.0,157.0,4.0,Won by 6 wkts,Chennai Super Kings,,6.0,,DJ Bravo,,,,,
1254097,2021,2021-09-25,"Zayed Cricket Stadium, Abu Dhabi",Abu Dhabi,Delhi Capitals,Rajasthan Royals,,Rajasthan Royals,field,154.0,6.0,121.0,6.0,Won by 33 runs,Delhi Capitals,33.0,,,SS Iyer,,,,,
1254107,2021,2021-09-25,Sharjah Cricket Stadium,Sharjah,Punjab Kings,Sunrisers Hyderabad,,Sunrisers Hyderabad,field,125.0,7.0,120.0,7.0,Won by 5 runs,Punjab Kings,5.0,,,JO Holder,,,,,
1254098,2021,2021-09-26,"Zayed Cricket Stadium, Abu Dhabi",Abu Dhabi,Kolkata Knight Riders,Chennai Super Kings,,Kolkata Knight Riders,bat,171.0,6.0,172.0,8.0,Won by 2 wkts,Chennai Super Kings,,2.0,,RA Jadeja,,,,,
1254108,2021,2021-09-26,Dubai International Cricket Stadium,Dubai,Royal Challengers Bangalore,Mumbai Indians,,Mumbai Indians,field,165.0,6.0,111.0,10.0,Won by 54 runs,Royal Challengers Bangalore,54.0,,,GJ Maxwell,,,,,
1254100,2021,2021-09-27,Dubai International Cricket Stadium,Dubai,Rajasthan Royals,Sunrisers Hyderabad,,Rajasthan Royals,bat,164.0,5.0,167.0,3.0,Won by 7 wkts,Sunrisers Hyderabad,,7.0,,JJ Roy,,,,,
1254092,2021,2021-09-28,Sharjah Cricket Stadium,Sharjah,Delhi Capitals,Kolkata Knight Riders,,Kolkata Knight Riders,field,127.0,9.0,130.0,7.0,Won by 3 wkts,Kolkata Knight Riders,,3.0,,SP Narine,,,,,
1254099,2021,2021-09-28,"Zayed Cricket Stadium, Abu Dhabi",Abu Dhabi,Punjab Kings,Mumbai Indians,,Mumbai Indians,field,135.0,6.0,137.0,4.0,Won by 6 wkts,Mumbai Indians,,6.0,,KA Pollard,,,,,
1254103,2021,2021-09-29,Dubai International Cricket Stadium,Dubai,Rajasthan Royals,Royal Challengers Bangalore,,Royal Challengers Bangalore,field,149.0,9.0,153.0,3.0,Won by 7 wkts,Royal Challengers Bangalore,,7.0,,YS Chahal,,,,,
1254091,2021,2021-09-30,Sharjah Cricket Stadium,Sharjah,Sunrisers Hyderabad,Chennai Super Kings,,Chennai Super Kings,field,134.0,7.0,139.0,4.0,Won by 6 wkts,Chennai Super Kings,,6.0,,JR Hazlewood,,,,,
1254102,2021,2021-10-01,Dubai International Cricket Stadium,Dubai,Kolkata Knight Riders,Punjab Kings,,Punjab Kings,field,165.0,7.0,168.0,5.0,Won by 5 wkts,Punjab Kings,,5.0,,KL Rahul,,,,,
1254112,2021,2021-10-02,Sharjah Cricket Stadium,Sharjah,Mumbai Indians,Delhi Capitals,,Delhi Capitals,field,129.0,8.0,132.0,6.0,Won by 4 wkts,Delhi Capitals,,4.0,,AR Patel,,,,,
1254089,2021,2021-10-02,"Zayed Cricket Stadium, Abu Dhabi",Abu Dhabi,Chennai Super Kings,Rajasthan Royals,,Rajasthan Royals,field,189.0,4.0,190.0,3.0,Won by 7 wkts,Rajasthan Royals,,7.0,,RD Gaikwad,,,,,
1254090,2021,2021-10-03,Sharjah Cricket Stadium,Sharjah,Royal Challengers Bangalore,Punjab Kings,,Royal Challengers Bangalore,bat,164.0,7.0,158.0,6.0,Won by 6 runs,Royal Challengers Bangalore,6.0,,,GJ Maxwell,,,,,
1254109,2021,2021-10-03,Dubai International Cricket Stadium,Dubai,Sunrisers Hyderabad,Kolkata Knight Riders,,Sunrisers Hyderabad,bat,115.0,8.0,119.0,4.0,Won by 6 wkts,Kolkata Knight Riders,,6.0,,Shubman Gill,,,,,
1254110,2021,2021-10-04,Dubai International Cricket Stadium,Dubai,Chennai Super Kings,Delhi Capitals,,Delhi Capitals,field,136.0,5.0,139.0,7.0,Won by 3 wkts,Delhi Capitals,,3.0,,AR Patel,,,,,
1254093,2021,2021-10-05,Sharjah Cricket Stadium,Sharjah,Rajasthan Royals,Mumbai Indians,,Mumbai Indians,field,90.0,9.0,94.0,2.0,Won by 8 wkts,Mumbai Indians,,8.0,,NM Coulter-Nile,,,,,
1254095,2021,2021-10-06,"Zayed Cricket Stadium, Abu Dhabi",Abu Dhabi,Sunrisers Hyderabad,Royal Challengers Bangalore,,Royal Challengers Bangalore,field,141.0,7.0,137.0,6.0,Won by 4 runs,Sunrisers Hyderabad,4.0,,,KS Williamson,,,,,
1254094,2021,2021-10-07,Dubai International Cricket Stadium,Dubai,Chennai Super Kings,Punjab Kings,,Punjab Kings,field,134.0,6.0,139.0,4.0,Won by 6 wkts,Punjab Kings,,6.0,,KL Rahul,,,,,
1254106,2021,2021-10-07,Sharjah Cricket Stadium,Sharjah,Kolkata Knight Riders,Rajasthan Royals,,Rajasthan Royals,field,171.0,4.0,85.0,10.0,Won by 86 runs,Kolkata Knight Riders,86.0,,,Shivam Mavi,,,,,
1254101,2021,2021-10-08,Dubai International Cricket Stadium,Dubai,Delhi Capitals,Royal Challengers Bangalore,,Royal Challengers Bangalore,field,164.0,5.0,166.0,3.0,Won by 7 wkts,Royal Challengers Bangalore,,7.0,,KS Bharat,,,,,
1254088,2021,2021-10-08,"Zayed Cricket Stadium, Abu Dhabi",Abu Dhabi,Mumbai Indians,Sunrisers Hyderabad,,Mumbai Indians,bat,235.0,9.0,193.0,8.0,Won by 42 runs,Mumbai Indians,42.0,,,Ishan Kishan,,,,,
1254114,2021,2021-10-10,Dubai International Cricket Stadium,Dubai,Delhi Capitals,Chennai Super Kings,,Chennai Super Kings,field,172.0,5.0,173.0,6.0,Won by 4 wkts,Chennai Super Kings,,4.0,,RD Gaikwad,,,,,
1254115,2021,2021-10-11,Sharjah Cricket Stadium,Sharjah,Royal Challengers Bangalore,Kolkata Knight Riders,,Royal Challengers Bangalore,bat,138.0,7.0,139.0,6.0,Won by 4 wkts,Kolkata Knight Riders,,4.0,,SP Narine,,,,,
1254116,2021,2021-10-13,Sharjah Cricket Stadium,Sharjah,Delhi Capitals,Kolkata Knight Riders,,Kolkata Knight Riders,field,135.0,5.0,136.0,7.0,Won by 3 wkts,Kolkata Knight Riders,,3.0,,VR Iyer,,,,,
1254117,2021,2021-10-15,Dubai International Cricket Stadium,Dubai,Chennai Super Kings,Kolkata Knight Riders,,Kolkata Knight Riders,field,192.0,3.0,165.0,9.0,Won by 27 runs,Chennai Super Kings,27.0,,,F du Plessis,,,,,
1304047,2022,2022-03-26,"Wankhede Stadium, Mumbai",Mumbai,Chennai Super Kings,Kolkata Knight Riders,,Kolkata Knight Riders,field,131.0,5.0,133.0,4.0,Won by 6 wkts,Kolkata Knight Riders,,6.0,,UT Yadav,,,,,
1304049,2022,2022-03-27,"Dr DY Patil Sports Academy, Mumbai",Mumbai,Royal Challengers Bangalore,Punjab Kings,,Punjab Kings,field,205.0,2.0,208.0,5.0,Won by 5 wkts,Punjab Kings,,5.0,,OF Smith,,,,,
1304048,2022,2022-03-27,"Brabourne Stadium, Mumbai",Mumbai,Mumbai Indians,Delhi Capitals,,Delhi Capitals,field,177.0,5.0,179.0,6.0,Won by 4 wkts,Delhi Capitals,,4.0,,Kuldeep Yadav,,,,,
1304050,2022,2022-03-28,"Wankhede Stadium, Mumbai",Mumbai,Lucknow Super Giants,Gujarat Titans,,Gujarat Titans,field,158.0,6.0,161.0,5.0,Won by 5 wkts,Gujarat Titans,,5.0,,Mohammed Shami,,,,,
1304051,2022,2022-03-29,"Maharashtra Cricket Association Stadium, Pune",Pune,Rajasthan Royals,Sunrisers Hyderabad,,Sunrisers Hyderabad,field,210.0,6.0,149.0,7.0,Won by 61 runs,Rajasthan Royals,61.0,,,SV Samson,,,,,
1304052,2022,2022-03-30,"Dr DY Patil Sports Academy, Mumbai",Mumbai,Kolkata Knight Riders,Royal Challengers Bangalore,,Royal Challengers Bangalore,field,128.0,10.0,132.0,7.0,Won by 3 wkts,Royal Challengers Bangalore,,3.0,,PWH de Silva,,,,,
1304053,2022,2022-03-31,"Brabourne Stadium, Mumbai",Mumbai,Chennai Super Kings,Lucknow Super Giants,,Lucknow Super Giants,field,210.0,7.0,211.0,4.0,Won by 6 wkts,Lucknow Super Giants,,6.0,,E Lewis,,,,,
1304054,2022,2022-04-01,"Wankhede Stadium, Mumbai",Mumbai,Punjab Kings,Kolkata Knight Riders,,Kolkata Knight Riders,field,137.0,10.0,141.0,4.0,Won by 6 wkts,Kolkata Knight Riders,,6.0,,UT Yadav,,,,,
1304056,2022,2022-04-02,"Maharashtra Cricket Association Stadium, Pune",Pune,Gujarat Titans,Delhi Capitals,,Delhi Capitals,field,171.0,6.0,157.0,9.0,Won by 14 runs,Gujarat Titans,14.0,,,LH Ferguson,,,,,
1304055,2022,2022-04-02,"Dr DY Patil Sports Academy, Mumbai",Mumbai,Rajasthan Royals,Mumbai Indians,,Mumbai Indians,field,193.0,8.0,170.0,8.0,Won by 23 runs,Rajasthan Royals,23.0,,,JC Buttler,,,,,
1304057,2022,2022-04-03,"Brabourne Stadium, Mumbai",Mumbai,Punjab Kings,Chennai Super Kings,,Chennai Super Kings,field,180.0,8.0,126.0,10.0,Won by 54 runs,Punjab Kings,54.0,,,LS Livingstone,,,,,
1304058,2022,2022-04-04,"Dr DY Patil Sports Academy, Mumbai",Mumbai,Lucknow Super Giants,Sunrisers Hyderabad,,Sunrisers Hyderabad,field,169.0,7.0,157.0,9.0,Won by 12 runs,Lucknow Super Giants,12.0,,,Avesh Khan,,,,,
1304059,2022,2022-04-05,"Wankhede Stadium, Mumbai",Mumbai,Rajasthan Royals,Royal Challengers Bangalore,,Royal Challengers Bangalore,field,169.0,3.0,173.0,6.0,Won by 4 wkts,Royal Challengers Bangalore,,4.0,,KD Karthik,,,,,
1304060,2022,2022-04-06,"Maharashtra Cricket Association Stadium, Pune",Pune,Mumbai Indians,Kolkata Knight Riders,,Kolkata Knight Riders,field,161.0,4.0,162.0,5.0,Won by 5 wkts,Kolkata Knight Riders,,5.0,,PJ Cummins,,,,,
1304061,2022,2022-04-07,"Dr DY Patil Sports Academy, Mumbai",Mumbai,Delhi Capitals,Lucknow Super Giants,,Lucknow Super Giants,field,149.0,3.0,155.0,4.0,Won by 6 wkts,Lucknow Super Giants,,6.0,,Q de Kock,,,,,
1304062,2022,2022-04-08,"Brabourne Stadium, Mumbai",Mumbai,Punjab Kings,Gujarat Titans,,Gujarat Titans,field,189.0,9.0,190.0,4.0,Won by 6 wkts,Gujarat Titans,,6.0,,Shubman Gill,,,,,
1304064,2022,2022-04-09,"Maharashtra Cricket Association Stadium, Pune",Pune,Mumbai Indians,Royal Challengers Bangalore,,Royal Challengers Bangalore,field,151.0,6.0,152.0,3.0,Won by 7 wkts,Royal Challengers Bangalore,,7.0,,Anuj Rawat,,,,,
1304063,2022,2022-04-09,"Dr DY Patil Sports Academy, Mumbai",Mumbai,Chennai Super Kings,Sunrisers Hyderabad,,Sunrisers Hyderabad,field,154.0,7.0,155.0,2.0,Won by 8 wkts,Sunrisers Hyderabad,,8.0,,Abhishek Sharma,,,,,
1304065,2022,2022-04-10,"Brabourne Stadium, Mumbai",Mumbai,Delhi Capitals,Kolkata Knight Riders,,Kolkata Knight Riders,field,215.0,5.0,171.0,10.0,Won by 44 runs,Delhi Capitals,44.0,,,Kuldeep Yadav,,,,,
1304066,2022,2022-04-10,"Wankhede Stadium, Mumbai",Mumbai,Rajasthan Royals,Lucknow Super Giants,,Lucknow Super Giants,field,165.0,6.0,162.0,8.0,Won by 3 runs,Rajasthan Royals,3.0,,,YS Chahal,,,,,
1304067,2022,2022-04-11,"Dr DY Patil Sports Academy, Mumbai",Mumbai,Gujarat Titans,Sunrisers Hyderabad,,Sunrisers Hyderabad,field,162.0,7.0,168.0,3.0,Won by 8 wkts,Sunrisers Hyderabad,,8.0,,KS Williamson,,,,,
1304068,2022,2022-04-12,"Dr DY Patil Sports Academy, Mumbai",Mumbai,Chennai Super Kings,Royal Challengers Bangalore,,Royal Challengers Bangalore,field,216.0,4.0,193.0,9.0,Won by 23 runs,Chennai Super Kings,23.0,,,S Dube,,,,,
1304069,2022,2022-04-13,"Maharashtra Cricket Association Stadium, Pune",Pune,Punjab Kings,Mumbai Indians,,Mumbai Indians,field,198.0,5.0,186.0,9.0,Won by 12 runs,Punjab Kings,12.0,,,MA Agarwal,,,,,
1304070,2022,2022-04-14,"Dr DY Patil Sports Academy, Mumbai",Mumbai,Gujarat Titans,Rajasthan Royals,,Rajasthan Royals,field,192.0,4.0,155.0,9.0,Won by 37 runs,Gujarat Titans,37.0,,,HH Pandya,,,,,
1304071,2022,2022-04-15,"Brabourne Stadium, Mumbai",Mumbai,Kolkata Knight Riders,Sunrisers Hyderabad,,Sunrisers Hyderabad,field,175.0,8.0,176.0,3.0,Won by 7 wkts,Sunrisers Hyderabad,,7.0,,RA Tripathi,,,,,
1304073,2022,2022-04-16,"Wankhede Stadium, Mumbai",Mumbai,Royal Challengers Bangalore,Delhi Capitals,,Delhi Capitals,field,189.0,5.0,173.0,7.0,Won by 16 runs,Royal Challengers Bangalore,16.0,,,KD Karthik,,,,,
1304072,2022,2022-04-16,"Brabourne Stadium, Mumbai",Mumbai,Lucknow Super Giants,Mumbai Indians,,Mumbai Indians,field,199.0,4.0,181.0,9.0,Won by 18 runs,Lucknow Super Giants,18.0,,,KL Rahul,,,,,
1304075,2022,2022-04-17,"Maharashtra Cricket Association Stadium, Pune",Pune,Chennai Super Kings,Gujarat Titans,,Gujarat Titans,field,169.0,5.0,170.0,7.0,Won by 3 wkts,Gujarat Titans,,3.0,,DA Miller,,,,,
1304074,2022,2022-04-17,"Dr DY Patil Sports Academy, Mumbai",Mumbai,Punjab Kings,Sunrisers Hyderabad,,Sunrisers Hyderabad,field,151.0,10.0,152.0,3.0,Won by 7 wkts,Sunrisers Hyderabad,,7.0,,Umran Malik,,,,,
1304076,2022,2022-04-18,"Brabourne Stadium, Mumbai",Mumbai,Rajasthan Royals,Kolkata Knight Riders,,Kolkata Knight Riders,field,217.0,5.0,210.0,10.0,Won by 7 runs,Rajasthan Royals,7.0,,,YS Chahal,,,,,
1304077,2022,2022-04-19,"Dr DY Patil Sports Academy, Mumbai",Mumbai,Royal Challengers Bangalore,Lucknow Super Giants,,Lucknow Super Giants,field,181.0,6.0,163.0,8.0,Won by 18 runs,Royal Challengers Bangalore,18.0,,,F du Plessis,,,,,
1304078,2022,2022-04-20,"Brabourne Stadium, Mumbai",Mumbai,Punjab Kings,Delhi Capitals,,Delhi Capitals,field,115.0,10.0,119.0,1.0,Won by 9 wkts,Delhi Capitals,,9.0,,Kuldeep Yadav,,,,,
1304079,2022,2022-04-21,"Dr DY Patil Sports Academy, Mumbai",Navi Mumbai,Mumbai Indians,Chennai Super Kings,,Chennai Super Kings,field,155.0,7.0,156.0,7.0,Won by 3 wkts,Chennai Super Kings,,3.0,,Mukesh Choudhary,,,,,
1304080,2022,2022-04-22,"Wankhede Stadium, Mumbai",Mumbai,Rajasthan Royals,Delhi Capitals,,Delhi Capitals,field,222.0,2.0,207.0,8.0,Won by 15 runs,Rajasthan Royals,15.0,,,JC Buttler,,,,,
1304081,2022,2022-04-23,"Dr DY Patil Sports Academy, Mumbai",Navi Mumbai,Gujarat Titans,Kolkata Knight Riders,,Gujarat Titans,bat,156.0,9.0,148.0,8.0,Won by 8 runs,Gujarat Titans,8.0,,,Rashid Khan,,,,,
1304082,2022,2022-04-23,"Brabourne Stadium, Mumbai",Mumbai,Royal Challengers Bangalore,Sunrisers Hyderabad,,Sunrisers Hyderabad,field,68.0,10.0,72.0,1.0,Won by 9 wkts,Sunrisers Hyderabad,,9.0,,M Jansen,,,,,
1304083,2022,2022-04-24,"Wankhede Stadium, Mumbai",Mumbai,Lucknow Super Giants,Mumbai Indians,,Mumbai Indians,field,168.0,6.0,132.0,8.0,Won by 36 runs,Lucknow Super Giants,36.0,,,KL Rahul,,,,,
1304084,2022,2022-04-25,"Wankhede Stadium, Mumbai",Mumbai,Punjab Kings,Chennai Super Kings,,Chennai Super Kings,field,187.0,4.0,176.0,6.0,Won by 11 runs,Punjab Kings,11.0,,,S Dhawan,,,,,
1304085,2022,2022-04-26,"Maharashtra Cricket Association Stadium, Pune",Pune,Rajasthan Royals,Royal Challengers Bangalore,,Royal Challengers Bangalore,field,144.0,8.0,115.0,10.0,Won by 29 runs,Rajasthan Royals,29.0,,,R Parag,,,,,
1304086,2022,2022-04-27,"Wankhede Stadium, Mumbai",Mumbai,Sunrisers Hyderabad,Gujarat Titans,,Gujarat Titans,field,195.0,6.0,199.0,5.0,Won by 5 wkts,Gujarat Titans,,5.0,,Umran Malik,,,,,
1304087,2022,2022-04-28,"Wankhede Stadium, Mumbai",Mumbai,Kolkata Knight Riders,Delhi Capitals,,Delhi Capitals,field,146.0,9.0,150.0,6.0,Won by 4 wkts,Delhi Capitals,,4.0,,Kuldeep Yadav,,,,,
1304088,2022,2022-04-29,"Maharashtra Cricket Association Stadium, Pune",Pune,Lucknow Super Giants,Punjab Kings,,Punjab Kings,field,153.0,8.0,133.0,8.0,Won by 20 runs,Lucknow Super Giants,20.0,,,KH Pandya,,,,,
1304089,2022,2022-04-30,"Brabourne Stadium, Mumbai",Mumbai,Royal Challengers Bangalore,Gujarat Titans,,Royal Challengers Bangalore,bat,170.0,6.0,174.0,4.0,Won by 6 wkts,Gujarat Titans,,6.0,,R Tewatia,,,,,
1304090,2022,2022-04-30,"Dr DY Patil Sports Academy, Mumbai",Navi Mumbai,Rajasthan Royals,Mumbai Indians,,Mumbai Indians,field,158.0,6.0,161.0,5.0,Won by 5 wkts,Mumbai Indians,,5.0,,SA Yadav,,,,,
1304091,2022,2022-05-01,"Wankhede Stadium, Mumbai",Mumbai,Lucknow Super Giants,Delhi Capitals,,Lucknow Super Giants,bat,195.0,3.0,189.0,7.0,Won by 6 runs,Lucknow Super Giants,6.0,,,Mohsin Khan,,,,,
1304092,2022,2022-05-01,"Maharashtra Cricket Association Stadium, Pune",Pune,Chennai Super Kings,Sunrisers Hyderabad,,Sunrisers Hyderabad,field,202.0,2.0,189.0,6.0,Won by 13 runs,Chennai Super Kings,13.0,,,RD Gaikwad,,,,,
1304093,2022,2022-05-02,"Wankhede Stadium, Mumbai",Mumbai,Rajasthan Royals,Kolkata Knight Riders,,Kolkata Knight Riders,field,152.0,5.0,158.0,3.0,Won by 7 wkts,Kolkata Knight Riders,,7.0,,RK Singh,,,,,
1304094,2022,2022-05-03,"Dr DY Patil Sports Academy, Mumbai",Navi Mumbai,Gujarat Titans,Punjab Kings,,Gujarat Titans,bat,143.0,8.0,145.0,2.0,Won by 8 wkts,Punjab Kings,,8.0,,K Rabada,,,,,
1304095,2022,2022-05-04,"Maharashtra Cricket Association Stadium, Pune",Pune,Royal Challengers Bangalore,Chennai Super Kings,,Chennai Super Kings,field,173.0,8.0,160.0,8.0,Won by 13 runs,Royal Challengers Bangalore,13.0,,,HV Patel,,,,,
1304096,2022,2022-05-05,"Brabourne Stadium, Mumbai",Mumbai,Delhi Capitals,Sunrisers Hyderabad,,Sunrisers Hyderabad,field,207.0,3.0,186.0,8.0,Won by 21 runs,Delhi Capitals,21.0,,,DA Warner,,,,,
1304097,2022,2022-05-06,"Brabourne Stadium, Mumbai",Mumbai,Mumbai Indians,Gujarat Titans,,Gujarat Titans,field,177.0,6.0,172.0,5.0,Won by 5 runs,Mumbai Indians,5.0,,,TH David,,,,,
1304099,2022,2022-05-07,"Maharashtra Cricket Association Stadium, Pune",Pune,Lucknow Super Giants,Kolkata Knight Riders,,Kolkata Knight Riders,field,176.0,7.0,101.0,10.0,Won by 75 runs,Lucknow Super Giants,75.0,,,Avesh Khan,,,,,
1304098,2022,2022-05-07,"Wankhede Stadium, Mumbai",Mumbai,Punjab Kings,Rajasthan Royals,,Punjab Kings,bat,189.0,5.0,190.0,4.0,Won by 6 wkts,Rajasthan Royals,,6.0,,YBK Jaiswal,,,,,
1304100,2022,2022-05-08,"Wankhede Stadium, Mumbai",Mumbai,Royal Challengers Bangalore,Sunrisers Hyderabad,,Royal Challengers Bangalore,bat,192.0,3.0,125.0,10.0,Won by 67 runs,Royal Challengers Bangalore,67.0,,,PWH de Silva,,,,,
1304101,2022,2022-05-08,"Dr DY Patil Sports Academy, Mumbai",Navi Mumbai,Chennai Super Kings,Delhi Capitals,,Delhi Capitals,field,208.0,6.0,117.0,10.0,Won by 91 runs,Chennai Super Kings,91.0,,,DP Conway,,,,,
1304102,2022,2022-05-09,"Dr DY Patil Sports Academy, Mumbai",Navi Mumbai,Kolkata Knight Riders,Mumbai Indians,,Mumbai Indians,field,165.0,9.0,113.0,10.0,Won by 52 runs,Kolkata Knight Riders,52.0,,,JJ Bumrah,,,,,
1304103,2022,2022-05-10,"Maharashtra Cricket Association Stadium, Pune",Pune,Gujarat Titans,Lucknow Super Giants,,Gujarat Titans,bat,144.0,4.0,82.0,10.0,Won by 62 runs,Gujarat Titans,62.0,,,Shubman Gill,,,,,
1304104,2022,2022-05-11,"Dr DY Patil Sports Academy, Mumbai",Navi Mumbai,Rajasthan Royals,Delhi Capitals,,Delhi Capitals,field,160.0,6.0,161.0,2.0,Won by 8 wkts,Delhi Capitals,,8.0,,MR Marsh,,,,,
1304105,2022,2022-05-12,"Wankhede Stadium, Mumbai",Mumbai,Chennai Super Kings,Mumbai Indians,,Mumbai Indians,field,97.0,10.0,103.0,5.0,Won by 5 wkts,Mumbai Indians,,5.0,,DR Sams,,,,,
1304106,2022,2022-05-13,"Brabourne Stadium, Mumbai",Mumbai,Punjab Kings,Royal Challengers Bangalore,,Royal Challengers Bangalore,field,209.0,9.0,155.0,9.0,Won by 54 runs,Punjab Kings,54.0,,,JM Bairstow,,,,,
1304107,2022,2022-05-14,"Maharashtra Cricket Association Stadium, Pune",Pune,Kolkata Knight Riders,Sunrisers Hyderabad,,Kolkata Knight Riders,bat,177.0,6.0,123.0,8.0,Won by 54 runs,Kolkata Knight Riders,54.0,,,AD Russell,,,,,
1304109,2022,2022-05-15,"Brabourne Stadium, Mumbai",Mumbai,Rajasthan Royals,Lucknow Super Giants,,Rajasthan Royals,bat,178.0,6.0,154.0,8.0,Won by 24 runs,Rajasthan Royals,24.0,,,TA Boult,,,,,
1304108,2022,2022-05-15,"Wankhede Stadium, Mumbai",Mumbai,Chennai Super Kings,Gujarat Titans,,Chennai Super Kings,bat,133.0,5.0,137.0,3.0,Won by 7 wkts,Gujarat Titans,,7.0,,WP Saha,,,,,
1304110,2022,2022-05-16,"Dr DY Patil Sports Academy, Mumbai",Navi Mumbai,Delhi Capitals,Punjab Kings,,Punjab Kings,field,159.0,7.0,142.0,9.0,Won by 17 runs,Delhi Capitals,17.0,,,SN Thakur,,,,,
1304111,2022,2022-05-17,"Wankhede Stadium, Mumbai",Mumbai,Sunrisers Hyderabad,Mumbai Indians,,Mumbai Indians,field,193.0,6.0,190.0,7.0,Won by 3 runs,Sunrisers Hyderabad,3.0,,,RA Tripathi,,,,,
1304112,2022,2022-05-18,"Dr DY Patil Sports Academy, Mumbai",Navi Mumbai,Lucknow Super Giants,Kolkata Knight Riders,,Lucknow Super Giants,bat,210.0,0.0,208.0,8.0,Won by 2 runs,Lucknow Super Giants,2.0,,,Q de Kock,,,,,
1304113,2022,2022-05-19,"Wankhede Stadium, Mumbai",Mumbai,Gujarat Titans,Royal Challengers Bangalore,,Gujarat Titans,bat,168.0,5.0,170.0,2.0,Won by 8 wkts,Royal Challengers Bangalore,,8.0,,V Kohli,,,,,
1304114,2022,2022-05-20,"Brabourne Stadium, Mumbai",Mumbai,Chennai Super Kings,Rajasthan Royals,,Chennai Super Kings,bat,150.0,6.0,151.0,5.0,Won by 5 wkts,Rajasthan Royals,,5.0,,R Ashwin,,,,,
1304115,2022,2022-05-21,"Wankhede Stadium, Mumbai",Mumbai,Delhi Capitals,Mumbai Indians,,Mumbai Indians,field,159.0,7.0,160.0,5.0,Won by 5 wkts,Mumbai Indians,,5.0,,JJ Bumrah,,,,,
1304116,2022,2022-05-22,"Wankhede Stadium, Mumbai",Mumbai,Sunrisers Hyderabad,Punjab Kings,,Sunrisers Hyderabad,bat,157.0,8.0,160.0,5.0,Won by 5 wkts,Punjab Kings,,5.0,,Harpreet Brar,,,,,
1312197,2022,2022-05-24,"Eden Gardens, Kolkata",Kolkata,Rajasthan Royals,Gujarat Titans,,Gujarat Titans,field,188.0,6.0,191.0,3.0,Won by 7 wkts,Gujarat Titans,,7.0,,DA Miller,,,,,
1312198,2022,2022-05-25,"Eden Gardens, Kolkata",Kolkata,Royal Challengers Bangalore,Lucknow Super Giants,,Lucknow Super Giants,field,207.0,4.0,193.0,6.0,Won by 14 runs,Royal Challengers Bangalore,14.0,,,RM Patidar,,,,,
1312199,2022,2022-05-27,"Narendra Modi Stadium, Ahmedabad",Ahmedabad,Royal Challengers Bangalore,Rajasthan Royals,,Rajasthan Royals,field,157.0,8.0,161.0,3.0,Won by 7 wkts,Rajasthan Royals,,7.0,,JC Buttler,,,,,
1312200,2022,2022-05-29,"Narendra Modi Stadium, Ahmedabad",Ahmedabad,Rajasthan Royals,Gujarat Titans,,Rajasthan Royals,bat,130.0,9.0,133.0,3.0,Won by 7 wkts,Gujarat Titans,,7.0,,HH Pandya,,,,,
1359475,2023,2023-03-31,"Narendra Modi Stadium, Ahmedabad",Ahmedabad,Chennai Super Kings,Gujarat Titans,,Gujarat Titans,field,178.0,7.0,182.0,5.0,Won by 5 wkts,Gujarat Titans,,5.0,,Rashid Khan,,,,,
1359476,2023,2023-04-01,"Punjab Cricket Association IS Bindra Stadium, Mohali, Chandigarh",Chandigarh,Punjab Kings,Kolkata Knight Riders,,Kolkata Knight Riders,field,191.0,5.0,146.0,7.0,Won by 7 runs,Punjab Kings,7.0,,,Arshdeep Singh,,,,,
1359477,2023,2023-04-01,"Bharat Ratna Shri Atal Bihari Vajpayee Ekana Cricket Stadium, Lucknow",Lucknow,Lucknow Super Giants,Delhi Capitals,,Delhi Capitals,field,193.0,6.0,143.0,9.0,Won by 50 runs,Lucknow Super Giants,50.0,,,MA Wood,,,,,
1359478,2023,2023-04-02,"Rajiv Gandhi International Stadium, Uppal, Hyderabad",Hyderabad,Rajasthan Royals,Sunrisers Hyderabad,,Sunrisers Hyderabad,field,203.0,5.0,131.0,8.0,Won by 72 runs,Rajasthan Royals,72.0,,,JC Buttler,,,,,
1359479,2023,2023-04-02,"M Chinnaswamy Stadium, Bengaluru",Bengaluru,Mumbai Indians,Royal Challengers Bangalore,,Royal Challengers Bangalore,field,171.0,7.0,172.0,2.0,Won by 8 wkts,Royal Challengers Bangalore,,8.0,,F du Plessis,,,,,
1359480,2023,2023-04-03,"MA Chidambaram Stadium, Chepauk, Chennai",Chennai,Chennai Super Kings,Lucknow Super Giants,,Lucknow Super Giants,field,217.0,7.0,205.0,7.0,Won by 12 runs,Chennai Super Kings,12.0,,,MM Ali,,,,,
1359481,2023,2023-04-04,"Arun Jaitley Stadium, Delhi",Delhi,Delhi Capitals,Gujarat Titans,,Gujarat Titans,field,162.0,8.0,163.0,4.0,Won by 6 wkts,Gujarat Titans,,6.0,,B Sai Sudharsan,,,,,
1359482,2023,2023-04-05,"Barsapara Cricket Stadium, Guwahati",Guwahati,Punjab Kings,Rajasthan Royals,,Rajasthan Royals,field,197.0,5.0,192.0,7.0,Won by 5 runs,Punjab Kings,5.0,,,NT Ellis,,,,,
1359483,2023,2023-04-06,"Eden Gardens, Kolkata",Kolkata,Kolkata Knight Riders,Royal Challengers Bangalore,,Royal Challengers Bangalore,field,204.0,7.0,123.0,10.0,Won by 81 runs,Kolkata Knight Riders,81.0,,,SN Thakur,,,,,
1359484,2023,2023-04-07,"Bharat Ratna Shri Atal Bihari Vajpayee Ekana Cricket Stadium, Lucknow",Lucknow,Sunrisers Hyderabad,Lucknow Super Giants,,Sunrisers Hyderabad,bat,121.0,8.0,127.0,5.0,Won by 5 wkts,Lucknow Super Giants,,5.0,,KH Pandya,,,,,
1359485,2023,2023-04-08,"Barsapara Cricket Stadium, Guwahati",Guwahati,Rajasthan Royals,Delhi Capitals,,Delhi Capitals,field,199.0,4.0,142.0,9.0,Won by 57 runs,Rajasthan Royals,57.0,,,YBK Jaiswal,,,,,
1359486,2023,2023-04-08,"Wankhede Stadium, Mumbai",Mumbai,Mumbai Indians,Chennai Super Kings,,Chennai Super Kings,field,157.0,8.0,159.0,3.0,Won by 7 wkts,Chennai Super Kings,,7.0,,RA Jadeja,,,,,
1359487,2023,2023-04-09,"Narendra Modi Stadium, Ahmedabad",Ahmedabad,Gujarat Titans,Kolkata Knight Riders,,Gujarat Titans,bat,204.0,4.0,207.0,7.0,Won by 3 wkts,Kolkata Knight Riders,,3.0,,RK Singh,,,,,
1359488,2023,2023-04-09,"Rajiv Gandhi International Stadium, Uppal, Hyderabad",Hyderabad,Punjab Kings,Sunrisers Hyderabad,,Sunrisers Hyderabad,field,143.0,9.0,145.0,2.0,Won by 8 wkts,Sunrisers Hyderabad,,8.0,,S Dhawan,,,,,
1359489,2023,2023-04-10,"M Chinnaswamy Stadium, Bengaluru",Bengaluru,Royal Challengers Bangalore,Lucknow Super Giants,,Lucknow Super Giants,field,212.0,2.0,213.0,9.0,Won by 1 wkts,Lucknow Super Giants,,1.0,,N Pooran,,,,,
1359490,2023,2023-04-11,"Arun Jaitley Stadium, Delhi",Delhi,Delhi Capitals,Mumbai Indians,,Mumbai Indians,field,172.0,10.0,173.0,4.0,Won by 6 wkts,Mumbai Indians,,6.0,,RG Sharma,,,,,
1359491,2023,2023-04-12,"MA Chidambaram Stadium, Chepauk, Chennai",Chennai,Rajasthan Royals,Chennai Super Kings,,Chennai Super Kings,field,175.0,8.0,172.0,6.0,Won by 3 runs,Rajasthan Royals,3.0,,,R Ashwin,,,,,
1359492,2023,2023-04-13,"Punjab Cricket Association IS Bindra Stadium, Mohali, Chandigarh",Chandigarh,Punjab Kings,Gujarat Titans,,Gujarat Titans,field,153.0,8.0,154.0,4.0,Won by 6 wkts,Gujarat Titans,,6.0,,MM Sharma,,,,,
1359493,2023,2023-04-14,"Eden Gardens, Kolkata",Kolkata,Sunrisers Hyderabad,Kolkata Knight Riders,,Kolkata Knight Riders,field,228.0,4.0,205.0,7.0,Won by 23 runs,Sunrisers Hyderabad,23.0,,,HC Brook,,,,,
1359494,2023,2023-04-15,"M Chinnaswamy Stadium, Bengaluru",Bengaluru,Royal Challengers Bangalore,Delhi Capitals,,Delhi Capitals,field,174.0,6.0,151.0,9.0,Won by 23 runs,Royal Challengers Bangalore,23.0,,,V Kohli,,,,,
1359495,2023,2023-04-15,"Bharat Ratna Shri Atal Bihari Vajpayee Ekana Cricket Stadium, Lucknow",Lucknow,Lucknow Super Giants,Punjab Kings,,Punjab Kings,field,159.0,8.0,161.0,8.0,Won by 2 wkts,Punjab Kings,,2.0,,Sikandar Raza,,,,,
1359496,2023,2023-04-16,"Wankhede Stadium, Mumbai",Mumbai,Kolkata Knight Riders,Mumbai Indians,,Mumbai Indians,field,185.0,6.0,186.0,5.0,Won by 5 wkts,Mumbai Indians,,5.0,,VR Iyer,,,,,
1359497,2023,2023-04-16,"Narendra Modi Stadium, Ahmedabad",Ahmedabad,Gujarat Titans,Rajasthan Royals,,Rajasthan Royals,field,177.0,7.0,179.0,7.0,Won by 3 wkts,Rajasthan Royals,,3.0,,SO Hetmyer,,,,,
1359498,2023,2023-04-17,"M Chinnaswamy Stadium, Bengaluru",Bengaluru,Chennai Super Kings,Royal Challengers Bangalore,,Royal Challengers Bangalore,field,226.0,6.0,218.0,8.0,Won by 8 runs,Chennai Super Kings,8.0,,,DP Conway,,,,,
1359499,2023,2023-04-18,"Rajiv Gandhi International Stadium, Uppal, Hyderabad",Hyderabad,Mumbai Indians,Sunrisers Hyderabad,,Sunrisers Hyderabad,field,192.0,5.0,178.0,10.0,Won by 14 runs,Mumbai Indians,14.0,,,C Green,,,,,
1359500,2023,2023-04-19,"Sawai Mansingh Stadium, Jaipur",Jaipur,Lucknow Super Giants,Rajasthan Royals,,Rajasthan Royals,field,154.0,7.0,144.0,6.0,Won by 10 runs,Lucknow Super Giants,10.0,,,MP Stoinis,,,,,
1359501,2023,2023-04-20,"Punjab Cricket Association IS Bindra Stadium, Mohali, Chandigarh",Chandigarh,Royal Challengers Bangalore,Punjab Kings,,Punjab Kings,field,174.0,4.0,150.0,10.0,Won by 24 runs,Royal Challengers Bangalore,24.0,,,Mohammed Siraj,,,,,
1359502,2023,2023-04-20,"Arun Jaitley Stadium, Delhi",Delhi,Kolkata Knight Riders,Delhi Capitals,,Delhi Capitals,field,127.0,10.0,128.0,6.0,Won by 4 wkts,Delhi Capitals,,4.0,,I Sharma,,,,,
1359503,2023,2023-04-21,"MA Chidambaram Stadium, Chepauk, Chennai",Chennai,Sunrisers Hyderabad,Chennai Super Kings,,Chennai Super Kings,field,134.0,7.0,138.0,3.0,Won by 7 wkts,Chennai Super Kings,,7.0,,RA Jadeja,,,,,
1359504,2023,2023-04-22,"Bharat Ratna Shri Atal Bihari Vajpayee Ekana Cricket Stadium, Lucknow",Lucknow,Gujarat Titans,Lucknow Super Giants,,Gujarat Titans,bat,135.0,6.0,128.0,7.0,Won by 7 runs,Gujarat Titans,7.0,,,MM Sharma,,,,,
1359505,2023,2023-04-22,"Wankhede Stadium, Mumbai",Mumbai,Punjab Kings,Mumbai Indians,,Mumbai Indians,field,214.0,8.0,201.0,6.0,Won by 13 runs,Punjab Kings,13.0,,,SM Curran,,,,,
1359506,2023,2023-04-23,"M Chinnaswamy Stadium, Bengaluru",Bengaluru,Royal Challengers Bangalore,Rajasthan Royals,,Rajasthan Royals,field,189.0,9.0,182.0,6.0,Won by 7 runs,Royal Challengers Bangalore,7.0,,,GJ Maxwell,,,,,
1359507,2023,2023-04-23,"Eden Gardens, Kolkata",Kolkata,Chennai Super Kings,Kolkata Knight Riders,,Kolkata Knight Riders,field,235.0,4.0,186.0,8.0,Won by 49 runs,Chennai Super Kings,49.0,,,AM Rahane,,,,,
1359508,2023,2023-04-24,"Rajiv Gandhi International Stadium, Uppal, Hyderabad",Hyderabad,Delhi Capitals,Sunrisers Hyderabad,,Delhi Capitals,bat,144.0,9.0,137.0,6.0,Won by 7 runs,Delhi Capitals,7.0,,,AR Patel,,,,,
1359509,2023,2023-04-25,"Narendra Modi Stadium, Ahmedabad",Ahmedabad,Gujarat Titans,Mumbai Indians,,Mumbai Indians,field,207.0,6.0,152.0,9.0,Won by 55 runs,Gujarat Titans,55.0,,,A Manohar,,,,,
1359510,2023,2023-04-26,"M Chinnaswamy Stadium, Bengaluru",Bengaluru,Kolkata Knight Riders,Royal Challengers Bangalore,,Royal Challengers Bangalore,field,200.0,5.0,179.0,8.0,Won by 21 runs,Kolkata Knight Riders,21.0,,,CV Varun,,,,,
1359511,2023,2023-04-27,"Sawai Mansingh Stadium, Jaipur",Jaipur,Rajasthan Royals,Chennai Super Kings,,Rajasthan Royals,bat,202.0,5.0,170.0,6.0,Won by 32 runs,Rajasthan Royals,32.0,,,YBK Jaiswal,,,,,
1359512,2023,2023-04-28,"Punjab Cricket Association IS Bindra Stadium, Mohali, Chandigarh",Chandigarh,Lucknow Super Giants,Punjab Kings,,Punjab Kings,field,257.0,5.0,201.0,10.0,Won by 56 runs,Lucknow Super Giants,56.0,,,MP Stoinis,,,,,
1359513,2023,2023-04-29,"Eden Gardens, Kolkata",Kolkata,Kolkata Knight Riders,Gujarat Titans,,Gujarat Titans,field,179.0,7.0,180.0,3.0,Won by 7 wkts,Gujarat Titans,,7.0,,J Little,,,,,
1359514,2023,2023-04-29,"Arun Jaitley Stadium, Delhi",Delhi,Sunrisers Hyderabad,Delhi Capitals,,Sunrisers Hyderabad,bat,197.0,6.0,188.0,6.0,Won by 9 runs,Sunrisers Hyderabad,9.0,,,MR Marsh,,,,,
1359515,2023,2023-04-30,"MA Chidambaram Stadium, Chepauk, Chennai",Chennai,Chennai Super Kings,Punjab Kings,,Chennai Super Kings,bat,200.0,4.0,201.0,6.0,Won by 4 wkts,Punjab Kings,,4.0,,DP Conway,,,,,
1359516,2023,2023-04-30,"Wankhede Stadium, Mumbai",Mumbai,Rajasthan Royals,Mumbai Indians,,Rajasthan Royals,bat,212.0,7.0,214.0,4.0,Won by 6 wkts,Mumbai Indians,,6.0,,YBK Jaiswal,,,,,
1359517,2023,2023-05-01,"Bharat Ratna Shri Atal Bihari Vajpayee Ekana Cricket Stadium, Lucknow",Lucknow,Royal Challengers Bangalore,Lucknow Super Giants,,Royal Challengers Bangalore,bat,126.0,9.0,108.0,10.0,Won by 18 runs,Royal Challengers Bangalore,18.0,,,F du Plessis,,,,,
1359518,2023,2023-05-02,"Narendra Modi Stadium, Ahmedabad",Ahmedabad,Delhi Capitals,Gujarat Titans,,Delhi Capitals,bat,130.0,8.0,125.0,6.0,Won by 5 runs,Delhi Capitals,5.0,,,Mohammed Shami,,,,,
1359519,2023,2023-05-03,"Bharat Ratna Shri Atal Bihari Vajpayee Ekana Cricket Stadium, Lucknow",Lucknow,Lucknow Super Giants,Chennai Super Kings,,Chennai Super Kings,field,125.0,7.0,,,Completed,,,,,,,,,,
1359520,2023,2023-05-03,"Punjab Cricket Association IS Bindra Stadium, Mohali, Chandigarh",Chandigarh,Punjab Kings,Mumbai Indians,,Mumbai Indians,field,214.0,3.0,216.0,4.0,Won by 6 wkts,Mumbai Indians,,6.0,,Ishan Kishan,,,,,
1359521,2023,2023-05-04,"Rajiv Gandhi International Stadium, Uppal, Hyderabad",Hyderabad,Kolkata Knight Riders,Sunrisers Hyderabad,,Kolkata Knight Riders,bat,171.0,9.0,166.0,8.0,Won by 5 runs,Kolkata Knight Riders,5.0,,,CV Varun,,,,,
1359522,2023,2023-05-05,"Sawai Mansingh Stadium, Jaipur",Jaipur,Rajasthan Royals,Gujarat Titans,,Rajasthan Royals,bat,118.0,10.0,119.0,1.0,Won by 9 wkts,Gujarat Titans,,9.0,,Rashid Khan,,,,,
1359523,2023,2023-05-06,"MA Chidambaram Stadium, Chepauk, Chennai",Chennai,Mumbai Indians,Chennai Super Kings,,Chennai Super Kings,field,139.0,8.0,140.0,4.0,Won by 6 wkts,Chennai Super Kings,,6.0,,M Pathirana,,,,,
1359524,2023,2023-05-06,"Arun Jaitley Stadium, Delhi",Delhi,Royal Challengers Bangalore,Delhi Capitals,,Royal Challengers Bangalore,bat,181.0,4.0,187.0,3.0,Won by 7 wkts,Delhi Capitals,,7.0,,PD Salt,,,,,
1359525,2023,2023-05-07,"Narendra Modi Stadium, Ahmedabad",Ahmedabad,Gujarat Titans,Lucknow Super Giants,,Lucknow Super Giants,field,227.0,2.0,171.0,7.0,Won by 56 runs,Gujarat Titans,56.0,,,Shubman Gill,,,,,
1359526,2023,2023-05-07,"Sawai Mansingh Stadium, Jaipur",Jaipur,Rajasthan Royals,Sunrisers Hyderabad,,Rajasthan Royals,bat,214.0,2.0,217.0,6.0,Won by 4 wkts,Sunrisers Hyderabad,,4.0,,GD Phillips,,,,,
1359527,2023,2023-05-08,"Eden Gardens, Kolkata",Kolkata,Punjab Kings,Kolkata Knight Riders,,Punjab Kings,bat,179.0,7.0,182.0,5.0,Won by 5 wkts,Kolkata Knight Riders,,5.0,,AD Russell,,,,,
1359528,2023,2023-05-09,"Wankhede Stadium, Mumbai",Mumbai,Royal Challengers Bangalore,Mumbai Indians,,Mumbai Indians,field,199.0,6.0,200.0,4.0,Won by 6 wkts,Mumbai Indians,,6.0,,SA Yadav,,,,,
1359529,2023,2023-05-10,"MA Chidambaram Stadium, Chepauk, Chennai",Chennai,Chennai Super Kings,Delhi Capitals,,Chennai Super Kings,bat,167.0,8.0,140.0,8.0,Won by 27 runs,Chennai Super Kings,27.0,,,RA Jadeja,,,,,
1359530,2023,2023-05-11,"Eden Gardens, Kolkata",Kolkata,Kolkata Knight Riders,Rajasthan Royals,,Rajasthan Royals,field,149.0,8.0,151.0,1.0,Won by 9 wkts,Rajasthan Royals,,9.0,,YBK Jaiswal,,,,,
1359531,2023,2023-05-12,"Wankhede Stadium, Mumbai",Mumbai,Mumbai Indians,Gujarat Titans,,Gujarat Titans,field,218.0,5.0,191.0,8.0,Won by 27 runs,Mumbai Indians,27.0,,,SA Yadav,,,,,
1359532,2023,2023-05-13,"Rajiv Gandhi International Stadium, Uppal, Hyderabad",Hyderabad,Sunrisers Hyderabad,Lucknow Super Giants,,Sunrisers Hyderabad,bat,182.0,6.0,185.0,3.0,Won by 7 wkts,Lucknow Super Giants,,7.0,,PN Mankad,,,,,
1359533,2023,2023-05-13,"Arun Jaitley Stadium, Delhi",Delhi,Punjab Kings,Delhi Capitals,,Delhi Capitals,field,167.0,7.0,136.0,8.0,Won by 31 runs,Punjab Kings,31.0,,,P Simran Singh,,,,,
1359534,2023,2023-05-14,"Sawai Mansingh Stadium, Jaipur",Jaipur,Royal Challengers Bangalore,Rajasthan Royals,,Royal Challengers Bangalore,bat,171.0,5.0,59.0,10.0,Won by 112 runs,Royal Challengers Bangalore,112.0,,,WD Parnell,,,,,
1359535,2023,2023-05-14,"MA Chidambaram Stadium, Chepauk, Chennai",Chennai,Chennai Super Kings,Kolkata Knight Riders,,Chennai Super Kings,bat,144.0,6.0,147.0,4.0,Won by 6 wkts,Kolkata Knight Riders,,6.0,,RK Singh,,,,,
1359536,2023,2023-05-15,"Narendra Modi Stadium, Ahmedabad",Ahmedabad,Gujarat Titans,Sunrisers Hyderabad,,Sunrisers Hyderabad,field,188.0,9.0,154.0,9.0,Won by 34 runs,Gujarat Titans,34.0,,,Shubman Gill,,,,,
1359537,2023,2023-05-16,"Bharat Ratna Shri Atal Bihari Vajpayee Ekana Cricket Stadium, Lucknow",Lucknow,Lucknow Super Giants,Mumbai Indians,,Mumbai Indians,field,177.0,4.0,172.0,5.0,Won by 5 runs,Lucknow Super Giants,5.0,,,MP Stoinis,,,,,
1359538,2023,2023-05-17,"Himachal Pradesh Cricket Association Stadium, Dharamsala",Dharamsala,Delhi Capitals,Punjab Kings,,Punjab Kings,field,213.0,2.0,198.0,8.0,Won by 15 runs,Delhi Capitals,15.0,,,RR Rossouw,,,,,
1359539,2023,2023-05-18,"Rajiv Gandhi International Stadium, Uppal, Hyderabad",Hyderabad,Sunrisers Hyderabad,Royal Challengers Bangalore,,Royal Challengers Bangalore,field,186.0,5.0,187.0,2.0,Won by 8 wkts,Royal Challengers Bangalore,,8.0,,V Kohli,,,,,
1359540,2023,2023-05-19,"Himachal Pradesh Cricket Association Stadium, Dharamsala",Dharamsala,Punjab Kings,Rajasthan Royals,,Rajasthan Royals,field,187.0,5.0,189.0,6.0,Won by 4 wkts,Rajasthan Royals,,4.0,,D Padikkal,,,,,
1359541,2023,2023-05-20,"Arun Jaitley Stadium, Delhi",Delhi,Chennai Super Kings,Delhi Capitals,,Chennai Super Kings,bat,223.0,3.0,146.0,9.0,Won by 77 runs,Chennai Super Kings,77.0,,,RD Gaikwad,,,,,
1359542,2023,2023-05-20,"Eden Gardens, Kolkata",Kolkata,Lucknow Super Giants,Kolkata Knight Riders,,Kolkata Knight Riders,field,176.0,8.0,175.0,7.0,Won by 1 runs,Lucknow Super Giants,1.0,,,N Pooran,,,,,
1359543,2023,2023-05-21,"Wankhede Stadium, Mumbai",Mumbai,Sunrisers Hyderabad,Mumbai Indians,,Mumbai Indians,field,200.0,5.0,201.0,2.0,Won by 8 wkts,Mumbai Indians,,8.0,,C Green,,,,,
1359544,2023,2023-05-21,"M Chinnaswamy Stadium, Bengaluru",Bengaluru,Royal Challengers Bangalore,Gujarat Titans,,Gujarat Titans,field,197.0,5.0,198.0,4.0,Won by 6 wkts,Gujarat Titans,,6.0,,Shubman Gill,,,,,
1370350,2023,2023-05-23,"MA Chidambaram Stadium, Chepauk, Chennai",Chennai,Chennai Super Kings,Gujarat Titans,,Gujarat Titans,field,172.0,7.0,157.0,10.0,Won by 15 runs,Chennai Super Kings,15.0,,,RD Gaikwad,,,,,
1370351,2023,2023-05-24,"MA Chidambaram Stadium, Chepauk, Chennai",Chennai,Mumbai Indians,Lucknow Super Giants,,Mumbai Indians,bat,182.0,8.0,101.0,10.0,Won by 81 runs,Mumbai Indians,81.0,,,Akash Madhwal,,,,,
1370352,2023,2023-05-26,"Narendra Modi Stadium, Ahmedabad",Ahmedabad,Gujarat Titans,Mumbai Indians,,Mumbai Indians,field,233.0,3.0,171.0,10.0,Won by 62 runs,Gujarat Titans,62.0,,,Shubman Gill,,,,,
1370353,2023,2023-05-29,"Narendra Modi Stadium, Ahmedabad",Ahmedabad,Gujarat Titans,Chennai Super Kings,,Chennai Super Kings,field,214.0,4.0,171.0,5.0,Won by 5 wkts,Chennai Super Kings,,5.0,,DP Conway,,,,,
1422119,2024,2024-03-22,"MA Chidambaram Stadium, Chepauk, Chennai",Chennai,Royal Challengers Bengaluru,Chennai Super Kings,,Royal Challengers Bengaluru,bat,173.0,6.0,176.0,4.0,Won by 6 wkts,Chennai Super Kings,,6.0,,Mustafizur Rahman,,,,,
1422121,2024,2024-03-23,"Eden Gardens, Kolkata",Kolkata,Kolkata Knight Riders,Sunrisers Hyderabad,,Sunrisers Hyderabad,field,208.0,7.0,204.0,7.0,Won by 4 runs,Kolkata Knight Riders,4.0,,,AD Russell,,,,,
1422120,2024,2024-03-23,"Maharaja Yadavindra Singh International Cricket Stadium, Mullanpur",Mohali,Delhi Capitals,Punjab Kings,,Punjab Kings,field,174.0,9.0,177.0,6.0,Won by 4 wkts,Punjab Kings,,4.0,,SM Curran,,,,,
1422123,2024,2024-03-24,"Narendra Modi Stadium, Ahmedabad",Ahmedabad,Gujarat Titans,Mumbai Indians,,Mumbai Indians,field,168.0,6.0,162.0,9.0,Won by 6 runs,Gujarat Titans,6.0,,,B Sai Sudharsan,,,,,
1422122,2024,2024-03-24,"Sawai Mansingh Stadium, Jaipur",Jaipur,Rajasthan Royals,Lucknow Super Giants,,Rajasthan Royals,bat,193.0,4.0,173.0,6.0,Won by 20 runs,Rajasthan Royals,20.0,,,SV Samson,,,,,
1422124,2024,2024-03-25,"M Chinnaswamy Stadium, Bengaluru",Bengaluru,Punjab Kings,Royal Challengers Bengaluru,,Royal Challengers Bengaluru,field,176.0,6.0,178.0,6.0,Won by 4 wkts,Royal Challengers Bengaluru,,4.0,,V Kohli,,,,,
1422125,2024,2024-03-26,"MA Chidambaram Stadium, Chepauk, Chennai",Chennai,Chennai Super Kings,Gujarat Titans,,Gujarat Titans,field,206.0,6.0,143.0,8.0,Won by 63 runs,Chennai Super Kings,63.0,,,S Dube,,,,,
1422126,2024,2024-03-27,"Rajiv Gandhi International Stadium, Uppal, Hyderabad",Hyderabad,Sunrisers Hyderabad,Mumbai Indians,,Mumbai Indians,field,277.0,3.0,246.0,5.0,Won by 31 runs,Sunrisers Hyderabad,31.0,,,Abhishek Sharma,,,,,
1422127,2024,2024-03-28,"Sawai Mansingh Stadium, Jaipur",Jaipur,Rajasthan Royals,Delhi Capitals,,Delhi Capitals,field,185.0,5.0,173.0,5.0,Won by 12 runs,Rajasthan Royals,12.0,,,R Parag,,,,,
1422128,2024,2024-03-29,"M Chinnaswamy Stadium, Bengaluru",Bengaluru,Royal Challengers Bengaluru,Kolkata Knight Riders,,Kolkata Knight Riders,field,182.0,6.0,186.0,3.0,Won by 7 wkts,Kolkata Knight Riders,,7.0,,SP Narine,,,,,
1422129,2024,2024-03-30,"Bharat Ratna Shri Atal Bihari Vajpayee Ekana Cricket Stadium, Lucknow",Lucknow,Lucknow Super Giants,Punjab Kings,,Lucknow Super Giants,bat,199.0,8.0,178.0,5.0,Won by 21 runs,Lucknow Super Giants,21.0,,,MP Yadav,,,,,
1422130,2024,2024-03-31,"Narendra Modi Stadium, Ahmedabad",Ahmedabad,Sunrisers Hyderabad,Gujarat Titans,,Sunrisers Hyderabad,bat,162.0,8.0,168.0,3.0,Won by 7 wkts,Gujarat Titans,,7.0,,MM Sharma,,,,,
1422131,2024,2024-03-31,"Dr. Y.S. Rajasekhara Reddy ACA-VDCA Cricket Stadium, Visakhapatnam",Visakhapatnam,Delhi Capitals,Chennai Super Kings,,Delhi Capitals,bat,191.0,5.0,171.0,6.0,Won by 20 runs,Delhi Capitals,20.0,,,KK Ahmed,,,,,
1422132,2024,2024-04-01,"Wankhede Stadium, Mumbai",Mumbai,Mumbai Indians,Rajasthan Royals,,Rajasthan Royals,field,125.0,9.0,127.0,4.0,Won by 6 wkts,Rajasthan Royals,,6.0,,TA Boult,,,,,
1422133,2024,2024-04-02,"M Chinnaswamy Stadium, Bengaluru",Bengaluru,Lucknow Super Giants,Royal Challengers Bengaluru,,Royal Challengers Bengaluru,field,181.0,5.0,153.0,10.0,Won by 28 runs,Lucknow Super Giants,28.0,,,MP Yadav,,,,,
1422134,2024,2024-04-03,"Dr. Y.S. Rajasekhara Reddy ACA-VDCA Cricket Stadium, Visakhapatnam",Visakhapatnam,Kolkata Knight Riders,Delhi Capitals,,Kolkata Knight Riders,bat,272.0,7.0,166.0,10.0,Won by 106 runs,Kolkata Knight Riders,106.0,,,SP Narine,,,,,
1422135,2024,2024-04-04,"Narendra Modi Stadium, Ahmedabad",Ahmedabad,Gujarat Titans,Punjab Kings,,Punjab Kings,field,199.0,4.0,200.0,7.0,Won by 3 wkts,Punjab Kings,,3.0,,Shashank Singh,,,,,
1422136,2024,2024-04-05,"Rajiv Gandhi International Stadium, Uppal, Hyderabad",Hyderabad,Chennai Super Kings,Sunrisers Hyderabad,,Sunrisers Hyderabad,field,165.0,5.0,166.0,4.0,Won by 6 wkts,Sunrisers Hyderabad,,6.0,,Abhishek Sharma,,,,,
1422137,2024,2024-04-06,"Sawai Mansingh Stadium, Jaipur",Jaipur,Royal Challengers Bengaluru,Rajasthan Royals,,Rajasthan Royals,field,183.0,3.0,189.0,4.0,Won by 6 wkts,Rajasthan Royals,,6.0,,JC Buttler,,,,,
1422138,2024,2024-04-07,"Wankhede Stadium, Mumbai",Mumbai,Mumbai Indians,Delhi Capitals,,Delhi Capitals,field,234.0,5.0,205.0,8.0,Won by 29 runs,Mumbai Indians,29.0,,,R Shepherd,,,,,
1422139,2024,2024-04-07,"Bharat Ratna Shri Atal Bihari Vajpayee Ekana Cricket Stadium, Lucknow",Lucknow,Lucknow Super Giants,Gujarat Titans,,Lucknow Super Giants,bat,163.0,5.0,130.0,10.0,Won by 33 runs,Lucknow Super Giants,33.0,,,Yash Thakur,,,,,
1426260,2024,2024-04-08,"MA Chidambaram Stadium, Chepauk, Chennai",Chennai,Kolkata Knight Riders,Chennai Super Kings,,Chennai Super Kings,field,137.0,9.0,141.0,3.0,Won by 7 wkts,Chennai Super Kings,,7.0,,RA Jadeja,,,,,
1426261,2024,2024-04-09,"Maharaja Yadavindra Singh International Cricket Stadium, Mullanpur",Mohali,Sunrisers Hyderabad,Punjab Kings,,Punjab Kings,field,182.0,9.0,180.0,6.0,Won by 2 runs,Sunrisers Hyderabad,2.0,,,Nithish Kumar Reddy,,,,,
1426262,2024,2024-04-10,"Sawai Mansingh Stadium, Jaipur",Jaipur,Rajasthan Royals,Gujarat Titans,,Gujarat Titans,field,196.0,3.0,199.0,7.0,Won by 3 wkts,Gujarat Titans,,3.0,,Rashid Khan,,,,,
1426263,2024,2024-04-11,"Wankhede Stadium, Mumbai",Mumbai,Royal Challengers Bengaluru,Mumbai Indians,,Mumbai Indians,field,196.0,8.0,199.0,3.0,Won by 7 wkts,Mumbai Indians,,7.0,,JJ Bumrah,,,,,
1426264,2024,2024-04-12,"Bharat Ratna Shri Atal Bihari Vajpayee Ekana Cricket Stadium, Lucknow",Lucknow,Lucknow Super Giants,Delhi Capitals,,Lucknow Super Giants,bat,167.0,7.0,170.0,4.0,Won by 6 wkts,Delhi Capitals,,6.0,,Kuldeep Yadav,,,,,
1426265,2024,2024-04-13,"Maharaja Yadavindra Singh International Cricket Stadium, Mullanpur",Mohali,Punjab Kings,Rajasthan Royals,,Rajasthan Royals,field,147.0,8.0,152.0,7.0,Won by 3 wkts,Rajasthan Royals,,3.0,,SO Hetmyer,,,,,
1426266,2024,2024-04-14,"Eden Gardens, Kolkata",Kolkata,Lucknow Super Giants,Kolkata Knight Riders,,Kolkata Knight Riders,field,161.0,7.0,162.0,2.0,Won by 8 wkts,Kolkata Knight Riders,,8.0,,PD Salt,,,,,
1426267,2024,2024-04-14,"Wankhede Stadium, Mumbai",Mumbai,Chennai Super Kings,Mumbai Indians,,Mumbai Indians,field,206.0,4.0,186.0,6.0,Won by 20 runs,Chennai Super Kings,20.0,,,M Pathirana,,,,,
1426268,2024,2024-04-15,"M Chinnaswamy Stadium, Bengaluru",Bengaluru,Sunrisers Hyderabad,Royal Challengers Bengaluru,,Royal Challengers Bengaluru,field,287.0,3.0,262.0,7.0,Won by 25 runs,Sunrisers Hyderabad,25.0,,,TM Head,,,,,
1426269,2024,2024-04-16,"Eden Gardens, Kolkata",Kolkata,Kolkata Knight Riders,Rajasthan Royals,,Rajasthan Royals,field,223.0,6.0,224.0,8.0,Won by 2 wkts,Rajasthan Royals,,2.0,,JC Buttler,,,,,
1426270,2024,2024-04-17,"Narendra Modi Stadium, Ahmedabad",Ahmedabad,Gujarat Titans,Delhi Capitals,,Delhi Capitals,field,89.0,10.0,92.0,4.0,Won by 6 wkts,Delhi Capitals,,6.0,,RR Pant,,,,,
1426271,2024,2024-04-18,"Maharaja Yadavindra Singh International Cricket Stadium, Mullanpur",Mohali,Mumbai Indians,Punjab Kings,,Punjab Kings,field,192.0,7.0,183.0,10.0,Won by 9 runs,Mumbai Indians,9.0,,,JJ Bumrah,,,,,
1426272,2024,2024-04-19,"Bharat Ratna Shri Atal Bihari Vajpayee Ekana Cricket Stadium, Lucknow",Lucknow,Chennai Super Kings,Lucknow Super Giants,,Lucknow Super Giants,field,176.0,6.0,180.0,2.0,Won by 8 wkts,Lucknow Super Giants,,8.0,,KL Rahul,,,,,
1426273,2024,2024-04-20,"Arun Jaitley Stadium, Delhi",Delhi,Sunrisers Hyderabad,Delhi Capitals,,Delhi Capitals,field,266.0,7.0,199.0,10.0,Won by 67 runs,Sunrisers Hyderabad,67.0,,,TM Head,,,,,
1426274,2024,2024-04-21,"Eden Gardens, Kolkata",Kolkata,Kolkata Knight Riders,Royal Challengers Bengaluru,,Royal Challengers Bengaluru,field,222.0,6.0,221.0,10.0,Won by 1 runs,Kolkata Knight Riders,1.0,,,AD Russell,,,,,
1426275,2024,2024-04-21,"Maharaja Yadavindra Singh International Cricket Stadium, Mullanpur",Mohali,Punjab Kings,Gujarat Titans,,Punjab Kings,bat,142.0,10.0,146.0,7.0,Won by 3 wkts,Gujarat Titans,,3.0,,R Sai Kishore,,,,,
1426276,2024,2024-04-22,"Sawai Mansingh Stadium, Jaipur",Jaipur,Mumbai Indians,Rajasthan Royals,,Mumbai Indians,bat,179.0,9.0,183.0,1.0,Won by 9 wkts,Rajasthan Royals,,9.0,,Sandeep Sharma,,,,,
1426277,2024,2024-04-23,"MA Chidambaram Stadium, Chepauk, Chennai",Chennai,Chennai Super Kings,Lucknow Super Giants,,Lucknow Super Giants,field,210.0,4.0,213.0,4.0,Won by 6 wkts,Lucknow Super Giants,,6.0,,MP Stoinis,,,,,
1426278,2024,2024-04-24,"Arun Jaitley Stadium, Delhi",Delhi,Delhi Capitals,Gujarat Titans,,Gujarat Titans,field,224.0,4.0,220.0,8.0,Won by 4 runs,Delhi Capitals,4.0,,,RR Pant,,,,,
1426279,2024,2024-04-25,"Rajiv Gandhi International Stadium, Uppal, Hyderabad",Hyderabad,Royal Challengers Bengaluru,Sunrisers Hyderabad,,Royal Challengers Bengaluru,bat,206.0,7.0,171.0,8.0,Won by 35 runs,Royal Challengers Bengaluru,35.0,,,RM Patidar,,,,,
1426280,2024,2024-04-26,"Eden Gardens, Kolkata",Kolkata,Kolkata Knight Riders,Punjab Kings,,Punjab Kings,field,261.0,6.0,262.0,2.0,Won by 8 wkts,Punjab Kings,,8.0,,JM Bairstow,,,,,
1426282,2024,2024-04-27,"Bharat Ratna Shri Atal Bihari Vajpayee Ekana Cricket Stadium, Lucknow",Lucknow,Lucknow Super Giants,Rajasthan Royals,,Rajasthan Royals,field,196.0,5.0,199.0,3.0,Won by 7 wkts,Rajasthan Royals,,7.0,,SV Samson,,,,,
1426281,2024,2024-04-27,"Arun Jaitley Stadium, Delhi",Delhi,Delhi Capitals,Mumbai Indians,,Mumbai Indians,field,257.0,4.0,247.0,9.0,Won by 10 runs,Delhi Capitals,10.0,,,J Fraser-McGurk,,,,,
1426284,2024,2024-04-28,"MA Chidambaram Stadium, Chepauk, Chennai",Chennai,Chennai Super Kings,Sunrisers Hyderabad,,Sunrisers Hyderabad,field,212.0,3.0,134.0,10.0,Won by 78 runs,Chennai Super Kings,78.0,,,RD Gaikwad,,,,,
1426283,2024,2024-04-28,"Narendra Modi Stadium, Ahmedabad",Ahmedabad,Gujarat Titans,Royal Challengers Bengaluru,,Royal Challengers Bengaluru,field,200.0,3.0,206.0,1.0,Won by 9 wkts,Royal Challengers Bengaluru,,9.0,,WG Jacks,,,,,
1426285,2024,2024-04-29,"Eden Gardens, Kolkata",Kolkata,Delhi Capitals,Kolkata Knight Riders,,Delhi Capitals,bat,153.0,9.0,157.0,3.0,Won by 7 wkts,Kolkata Knight Riders,,7.0,,CV Varun,,,,,
1426286,2024,2024-04-30,"Bharat Ratna Shri Atal Bihari Vajpayee Ekana Cricket Stadium, Lucknow",Lucknow,Mumbai Indians,Lucknow Super Giants,,Lucknow Super Giants,field,144.0,7.0,145.0,6.0,Won by 4 wkts,Lucknow Super Giants,,4.0,,MP Stoinis,,,,,
1426287,2024,2024-05-01,"MA Chidambaram Stadium, Chepauk, Chennai",Chennai,Chennai Super Kings,Punjab Kings,,Punjab Kings,field,162.0,7.0,163.0,3.0,Won by 7 wkts,Punjab Kings,,7.0,,Harpreet Brar,,,,,
1426288,2024,2024-05-02,"Rajiv Gandhi International Stadium, Uppal, Hyderabad",Hyderabad,Sunrisers Hyderabad,Rajasthan Royals,,Sunrisers Hyderabad,bat,201.0,3.0,200.0,7.0,Won by 1 runs,Sunrisers Hyderabad,1.0,,,B Kumar,,,,,
1426289,2024,2024-05-03,"Wankhede Stadium, Mumbai",Mumbai,Kolkata Knight Riders,Mumbai Indians,,Mumbai Indians,field,169.0,10.0,145.0,10.0,Won by 24 runs,Kolkata Knight Riders,24.0,,,VR Iyer,,,,,
1426290,2024,2024-05-04,"M Chinnaswamy Stadium, Bengaluru",Bengaluru,Gujarat Titans,Royal Challengers Bengaluru,,Royal Challengers Bengaluru,field,147.0,10.0,152.0,6.0,Won by 4 wkts,Royal Challengers Bengaluru,,4.0,,Mohammed Siraj,,,,,
1426291,2024,2024-05-05,"Himachal Pradesh Cricket Association Stadium, Dharamsala",Dharamsala,Chennai Super Kings,Punjab Kings,,Punjab Kings,field,167.0,9.0,139.0,9.0,Won by 28 runs,Chennai Super Kings,28.0,,,RA Jadeja,,,,,
1426292,2024,2024-05-05,"Bharat Ratna Shri Atal Bihari Vajpayee Ekana Cricket Stadium, Lucknow",Lucknow,Kolkata Knight Riders,Lucknow Super Giants,,Lucknow Super Giants,field,235.0,6.0,137.0,10.0,Won by 98 runs,Kolkata Knight Riders,98.0,,,SP Narine,,,,,
1426293,2024,2024-05-06,"Wankhede Stadium, Mumbai",Mumbai,Sunrisers Hyderabad,Mumbai Indians,,Mumbai Indians,field,173.0,8.0,174.0,3.0,Won by 7 wkts,Mumbai Indians,,7.0,,SA Yadav,,,,,
1426294,2024,2024-05-07,"Arun Jaitley Stadium, Delhi",Delhi,Delhi Capitals,Rajasthan Royals,,Rajasthan Royals,field,221.0,8.0,201.0,8.0,Won by 20 runs,Delhi Capitals,20.0,,,Kuldeep Yadav,,,,,
1426295,2024,2024-05-08,"Rajiv Gandhi International Stadium, Uppal, Hyderabad",Hyderabad,Lucknow Super Giants,Sunrisers Hyderabad,,Lucknow Super Giants,bat,165.0,4.0,167.0,0.0,Won by 10 wkts,Sunrisers Hyderabad,,10.0,,TM Head,,,,,
1426296,2024,2024-05-09,"Himachal Pradesh Cricket Association Stadium, Dharamsala",Dharamsala,Royal Challengers Bengaluru,Punjab Kings,,Punjab Kings,field,241.0,7.0,181.0,10.0,Won by 60 runs,Royal Challengers Bengaluru,60.0,,,V Kohli,,,,,
1426297,2024,2024-05-10,"Narendra Modi Stadium, Ahmedabad",Ahmedabad,Gujarat Titans,Chennai Super Kings,,Chennai Super Kings,field,231.0,3.0,196.0,8.0,Won by 35 runs,Gujarat Titans,35.0,,,Shubman Gill,,,,,
1426298,2024,2024-05-11,"Eden Gardens, Kolkata",Kolkata,Kolkata Knight Riders,Mumbai Indians,,Mumbai Indians,field,157.0,7.0,139.0,8.0,Won by 18 runs,Kolkata Knight Riders,18.0,,,CV Varun,,,,,
1426299,2024,2024-05-12,"MA Chidambaram Stadium, Chepauk, Chennai",Chennai,Rajasthan Royals,Chennai Super Kings,,Rajasthan Royals,bat,141.0,5.0,145.0,5.0,Won by 5 wkts,Chennai Super Kings,,5.0,,Simarjeet Singh,,,,,
1426300,2024,2024-05-12,"M Chinnaswamy Stadium, Bengaluru",Bengaluru,Royal Challengers Bengaluru,Delhi Capitals,,Delhi Capitals,field,187.0,9.0,140.0,10.0,Won by 47 runs,Royal Challengers Bengaluru,47.0,,,C Green,,,,,
1426302,2024,2024-05-14,"Arun Jaitley Stadium, Delhi",Delhi,Delhi Capitals,Lucknow Super Giants,,Lucknow Super Giants,field,208.0,4.0,189.0,9.0,Won by 19 runs,Delhi Capitals,19.0,,,I Sharma,,,,,
1426303,2024,2024-05-15,"Barsapara Cricket Stadium, Guwahati",Guwahati,Rajasthan Royals,Punjab Kings,,Rajasthan Royals,bat,144.0,9.0,145.0,5.0,Won by 5 wkts,Punjab Kings,,5.0,,SM Curran,,,,,
1426305,2024,2024-05-17,"Wankhede Stadium, Mumbai",Mumbai,Lucknow Super Giants,Mumbai Indians,,Mumbai Indians,field,214.0,6.0,196.0,6.0,Won by 18 runs,Lucknow Super Giants,18.0,,,N Pooran,,,,,
1426306,2024,2024-05-18,"M Chinnaswamy Stadium, Bengaluru",Bengaluru,Royal Challengers Bengaluru,Chennai Super Kings,,Chennai Super Kings,field,218.0,5.0,191.0,7.0,Won by 27 runs,Royal Challengers Bengaluru,27.0,,,F du Plessis,,,,,
1426307,2024,2024-05-19,"Rajiv Gandhi International Stadium, Uppal, Hyderabad",Hyderabad,Punjab Kings,Sunrisers Hyderabad,,Punjab Kings,bat,214.0,5.0,215.0,6.0,Won by 4 wkts,Sunrisers Hyderabad,,4.0,,Abhishek Sharma,,,,,
1426309,2024,2024-05-21,"Narendra Modi Stadium, Ahmedabad",Ahmedabad,Sunrisers Hyderabad,Kolkata Knight Riders,,Sunrisers Hyderabad,bat,159.0,10.0,164.0,2.0,Won by 8 wkts,Kolkata Knight Riders,,8.0,,MA Starc,,,,,
1426310,2024,2024-05-22,"Narendra Modi Stadium, Ahmedabad",Ahmedabad,Royal Challengers Bengaluru,Rajasthan Royals,,Rajasthan Royals,field,172.0,8.0,174.0,6.0,Won by 4 wkts,Rajasthan Royals,,4.0,,R Ashwin,,,,,
1426311,2024,2024-05-24,"MA Chidambaram Stadium, Chepauk, Chennai",Chennai,Sunrisers Hyderabad,Rajasthan Royals,,Rajasthan Royals,field,175.0,9.0,139.0,7.0,Won by 36 runs,Sunrisers Hyderabad,36.0,,,Shahbaz Ahmed,,,,,
1426312,2024,2024-05-26,"MA Chidambaram Stadium, Chepauk, Chennai",Chennai,Sunrisers Hyderabad,Kolkata Knight Riders,,Sunrisers Hyderabad,bat,113.0,10.0,114.0,2.0,Won by 8 wkts,Kolkata Knight Riders,,8.0,,MA Starc,,,,,
1473438,2025,2025-03-22,"Eden Gardens, Kolkata",Kolkata,Kolkata Knight Riders,Royal Challengers Bengaluru,,Royal Challengers Bengaluru,field,174.0,8.0,177.0,3.0,Won by 7 wkts,Royal Challengers Bengaluru,,7.0,,KH Pandya,,,,,
1473439,2025,2025-03-23,"Rajiv Gandhi International Stadium, Uppal, Hyderabad",Hyderabad,Sunrisers Hyderabad,Rajasthan Royals,,Rajasthan Royals,field,286.0,6.0,242.0,6.0,Won by 44 runs,Sunrisers Hyderabad,44.0,,,Ishan Kishan,,,,,
1473440,2025,2025-03-23,"MA Chidambaram Stadium, Chepauk, Chennai",Chennai,Mumbai Indians,Chennai Super Kings,,Chennai Super Kings,field,155.0,9.0,158.0,6.0,Won by 4 wkts,Chennai Super Kings,,4.0,,Noor Ahmad,,,,,
1473441,2025,2025-03-24,"Dr. Y.S. Rajasekhara Reddy ACA-VDCA Cricket Stadium, Visakhapatnam",Visakhapatnam,Lucknow Super Giants,Delhi Capitals,,Delhi Capitals,field,209.0,8.0,211.0,9.0,Won by 1 wkts,Delhi Capitals,,1.0,,Ashutosh Sharma,,,,,
1473442,2025,2025-03-25,"Narendra Modi Stadium, Ahmedabad",Ahmedabad,Punjab Kings,Gujarat Titans,,Gujarat Titans,field,243.0,5.0,232.0,5.0,Won by 11 runs,Punjab Kings,11.0,,,SS Iyer,,,,,
1473443,2025,2025-03-26,"Barsapara Cricket Stadium, Guwahati",Guwahati,Rajasthan Royals,Kolkata Knight Riders,,Kolkata Knight Riders,field,151.0,9.0,153.0,2.0,Won by 8 wkts,Kolkata Knight Riders,,8.0,,Q de Kock,,,,,
1473444,2025,2025-03-27,"Rajiv Gandhi International Stadium, Uppal, Hyderabad",Hyderabad,Sunrisers Hyderabad,Lucknow Super Giants,,Lucknow Super Giants,field,190.0,9.0,193.0,5.0,Won by 5 wkts,Lucknow Super Giants,,5.0,,SN Thakur,,,,,
1473445,2025,2025-03-28,"MA Chidambaram Stadium, Chepauk, Chennai",Chennai,Royal Challengers Bengaluru,Chennai Super Kings,,Chennai Super Kings,field,196.0,7.0,146.0,8.0,Won by 50 runs,Royal Challengers Bengaluru,50.0,,,RM Patidar,,,,,
1473446,2025,2025-03-29,"Narendra Modi Stadium, Ahmedabad",Ahmedabad,Gujarat Titans,Mumbai Indians,,Mumbai Indians,field,196.0,8.0,160.0,6.0,Won by 36 runs,Gujarat Titans,36.0,,,M Prasidh Krishna,,,,,
1473448,2025,2025-03-30,"Barsapara Cricket Stadium, Guwahati",Guwahati,Rajasthan Royals,Chennai Super Kings,,Chennai Super Kings,field,182.0,9.0,176.0,6.0,Won by 6 runs,Rajasthan Royals,6.0,,,N Rana,,,,,
1473447,2025,2025-03-30,"Dr. Y.S. Rajasekhara Reddy ACA-VDCA Cricket Stadium, Visakhapatnam",Visakhapatnam,Sunrisers Hyderabad,Delhi Capitals,,Sunrisers Hyderabad,bat,163.0,10.0,166.0,3.0,Won by 7 wkts,Delhi Capitals,,7.0,,MA Starc,,,,,
1473449,2025,2025-03-31,"Wankhede Stadium, Mumbai",Mumbai,Kolkata Knight Riders,Mumbai Indians,,Mumbai Indians,field,116.0,10.0,121.0,2.0,Won by 8 wkts,Mumbai Indians,,8.0,,Ashwani Kumar,,,,,
1473450,2025,2025-04-01,"Bharat Ratna Shri Atal Bihari Vajpayee Ekana Cricket Stadium, Lucknow",Lucknow,Lucknow Super Giants,Punjab Kings,,Punjab Kings,field,171.0,7.0,177.0,2.0,Won by 8 wkts,Punjab Kings,,8.0,,P Simran Singh,,,,,
1473451,2025,2025-04-02,"M Chinnaswamy Stadium, Bengaluru",Bengaluru,Royal Challengers Bengaluru,Gujarat Titans,,Gujarat Titans,field,169.0,8.0,170.0,2.0,Won by 8 wkts,Gujarat Titans,,8.0,,Mohammed Siraj,,,,,
1473452,2025,2025-04-03,"Eden Gardens, Kolkata",Kolkata,Kolkata Knight Riders,Sunrisers Hyderabad,,Sunrisers Hyderabad,field,200.0,6.0,120.0,10.0,Won by 80 runs,Kolkata Knight Riders,80.0,,,VG Arora,,,,,
1473453,2025,2025-04-04,"Bharat Ratna Shri Atal Bihari Vajpayee Ekana Cricket Stadium, Lucknow",Lucknow,Lucknow Super Giants,Mumbai Indians,,Mumbai Indians,field,203.0,8.0,191.0,5.0,Won by 12 runs,Lucknow Super Giants,12.0,,,DS Rathi,,,,,
1473454,2025,2025-04-05,"MA Chidambaram Stadium, Chepauk, Chennai",Chennai,Delhi Capitals,Chennai Super Kings,,Delhi Capitals,bat,183.0,6.0,158.0,5.0,Won by 25 runs,Delhi Capitals,25.0,,,KL Rahul,,,,,
1473455,2025,2025-04-05,"Maharaja Yadavindra Singh International Cricket Stadium, Mullanpur",Mohali,Rajasthan Royals,Punjab Kings,,Punjab Kings,field,205.0,4.0,155.0,9.0,Won by 50 runs,Rajasthan Royals,50.0,,,JC Archer,,,,,
1473457,2025,2025-04-06,"Rajiv Gandhi International Stadium, Uppal, Hyderabad",Hyderabad,Sunrisers Hyderabad,Gujarat Titans,,Gujarat Titans,field,152.0,8.0,153.0,3.0,Won by 7 wkts,Gujarat Titans,,7.0,,Mohammed Siraj,,,,,
1473458,2025,2025-04-07,"Wankhede Stadium, Mumbai",Mumbai,Royal Challengers Bengaluru,Mumbai Indians,,Mumbai Indians,field,221.0,5.0,209.0,9.0,Won by 12 runs,Royal Challengers Bengaluru,12.0,,,RM Patidar,,,,,
1473456,2025,2025-04-08,"Eden Gardens, Kolkata",Kolkata,Lucknow Super Giants,Kolkata Knight Riders,,Kolkata Knight Riders,field,238.0,3.0,234.0,7.0,Won by 4 runs,Lucknow Super Giants,4.0,,,N Pooran,,,,,
1473459,2025,2025-04-08,"Maharaja Yadavindra Singh International Cricket Stadium, Mullanpur",Mohali,Punjab Kings,Chennai Super Kings,,Punjab Kings,bat,219.0,6.0,201.0,5.0,Won by 18 runs,Punjab Kings,18.0,,,Priyansh Arya,,,,,
1473460,2025,2025-04-09,"Narendra Modi Stadium, Ahmedabad",Ahmedabad,Gujarat Titans,Rajasthan Royals,,Rajasthan Royals,field,217.0,6.0,159.0,10.0,Won by 58 runs,Gujarat Titans,58.0,,,B Sai Sudharsan,,,,,
1473461,2025,2025-04-10,"M Chinnaswamy Stadium, Bengaluru",Bengaluru,Royal Challengers Bengaluru,Delhi Capitals,,Delhi Capitals,field,163.0,7.0,169.0,4.0,Won by 6 wkts,Delhi Capitals,,6.0,,KL Rahul,,,,,
1473462,2025,2025-04-11,"MA Chidambaram Stadium, Chepauk, Chennai",Chennai,Chennai Super Kings,Kolkata Knight Riders,,Kolkata Knight Riders,field,103.0,9.0,107.0,2.0,Won by 8 wkts,Kolkata Knight Riders,,8.0,,SP Narine,,,,,
1473463,2025,2025-04-12,"Bharat Ratna Shri Atal Bihari Vajpayee Ekana Cricket Stadium, Lucknow",Lucknow,Gujarat Titans,Lucknow Super Giants,,Lucknow Super Giants,field,180.0,6.0,186.0,4.0,Won by 6 wkts,Lucknow Super Giants,,6.0,,AK Markram,,,,,
1473464,2025,2025-04-12,"Rajiv Gandhi International Stadium, Uppal, Hyderabad",Hyderabad,Punjab Kings,Sunrisers Hyderabad,,Punjab Kings,bat,245.0,6.0,247.0,2.0,Won by 8 wkts,Sunrisers Hyderabad,,8.0,,Abhishek Sharma,,,,,
1473466,2025,2025-04-13,"Arun Jaitley Stadium, Delhi",Delhi,Mumbai Indians,Delhi Capitals,,Delhi Capitals,field,205.0,5.0,193.0,10.0,Won by 12 runs,Mumbai Indians,12.0,,,KV Sharma,,,,,
1473465,2025,2025-04-13,"Sawai Mansingh Stadium, Jaipur",Jaipur,Rajasthan Royals,Royal Challengers Bengaluru,,Royal Challengers Bengaluru,field,173.0,4.0,175.0,1.0,Won by 9 wkts,Royal Challengers Bengaluru,,9.0,,PD Salt,,,,,
1473467,2025,2025-04-14,"Bharat Ratna Shri Atal Bihari Vajpayee Ekana Cricket Stadium, Lucknow",Lucknow,Lucknow Super Giants,Chennai Super Kings,,Chennai Super Kings,field,166.0,7.0,168.0,5.0,Won by 5 wkts,Chennai Super Kings,,5.0,,MS Dhoni,,,,,
1473468,2025,2025-04-15,"Maharaja Yadavindra Singh International Cricket Stadium, Mullanpur",Mohali,Punjab Kings,Kolkata Knight Riders,,Punjab Kings,bat,111.0,10.0,95.0,10.0,Won by 16 runs,Punjab Kings,16.0,,,YS Chahal,,,,,
1473469,2025,2025-04-16,"Arun Jaitley Stadium, Delhi",Delhi,Delhi Capitals,Rajasthan Royals,,Rajasthan Royals,field,188.0,5.0,188.0,5.0,Completed,,,,,MA Starc,,,,,
1473470,2025,2025-04-17,"Wankhede Stadium, Mumbai",Mumbai,Sunrisers Hyderabad,Mumbai Indians,,Mumbai Indians,field,162.0,5.0,166.0,6.0,Won by 4 wkts,Mumbai Indians,,4.0,,WG Jacks,,,,,
1473471,2025,2025-04-18,"M Chinnaswamy Stadium, Bengaluru",Bengaluru,Royal Challengers Bengaluru,Punjab Kings,,Punjab Kings,field,95.0,9.0,98.0,5.0,Won by 5 wkts,Punjab Kings,,5.0,,TH David,,,,,
1473472,2025,2025-04-19,"Narendra Modi Stadium, Ahmedabad",Ahmedabad,Delhi Capitals,Gujarat Titans,,Gujarat Titans,field,203.0,8.0,204.0,3.0,Won by 7 wkts,Gujarat Titans,,7.0,,JC Buttler,,,,,
1473473,2025,2025-04-19,"Sawai Mansingh Stadium, Jaipur",Jaipur,Lucknow Super Giants,Rajasthan Royals,,Lucknow Super Giants,bat,180.0,5.0,178.0,5.0,Won by 2 runs,Lucknow Super Giants,2.0,,,Avesh Khan,,,,,
1473474,2025,2025-04-20,"Maharaja Yadavindra Singh International Cricket Stadium, Mullanpur",Mohali,Punjab Kings,Royal Challengers Bengaluru,,Royal Challengers Bengaluru,field,157.0,6.0,159.0,3.0,Won by 7 wkts,Royal Challengers Bengaluru,,7.0,,V Kohli,,,,,
1473475,2025,2025-04-20,"Wankhede Stadium, Mumbai",Mumbai,Chennai Super Kings,Mumbai Indians,,Mumbai Indians,field,176.0,5.0,177.0,1.0,Won by 9 wkts,Mumbai Indians,,9.0,,RG Sharma,,,,,
1473476,2025,2025-04-21,"Eden Gardens, Kolkata",Kolkata,Gujarat Titans,Kolkata Knight Riders,,Kolkata Knight Riders,field,198.0,3.0,159.0,8.0,Won by 39 runs,Gujarat Titans,39.0,,,Shubman Gill,,,,,
1473477,2025,2025-04-22,"Bharat Ratna Shri Atal Bihari Vajpayee Ekana Cricket Stadium, Lucknow",Lucknow,Lucknow Super Giants,Delhi Capitals,,Delhi Capitals,field,159.0,6.0,161.0,2.0,Won by 8 wkts,Delhi Capitals,,8.0,,Mukesh Kumar,,,,,
1473478,2025,2025-04-23,"Rajiv Gandhi International Stadium, Uppal, Hyderabad",Hyderabad,Sunrisers Hyderabad,Mumbai Indians,,Mumbai Indians,field,143.0,8.0,146.0,3.0,Won by 7 wkts,Mumbai Indians,,7.0,,TA Boult,,,,,
1473479,2025,2025-04-24,"M Chinnaswamy Stadium, Bengaluru",Bengaluru,Royal Challengers Bengaluru,Rajasthan Royals,,Rajasthan Royals,field,205.0,5.0,194.0,9.0,Won by 11 runs,Royal Challengers Bengaluru,11.0,,,JR Hazlewood,,,,,
1473480,2025,2025-04-25,"MA Chidambaram Stadium, Chepauk, Chennai",Chennai,Chennai Super Kings,Sunrisers Hyderabad,,Sunrisers Hyderabad,field,154.0,10.0,155.0,5.0,Won by 5 wkts,Sunrisers Hyderabad,,5.0,,HV Patel,,,,,
1473481,2025,2025-04-26,"Eden Gardens, Kolkata",Kolkata,Punjab Kings,Kolkata Knight Riders,,Punjab Kings,bat,201.0,4.0,7.0,0.0,Completed,,,,,,,,,,
1473482,2025,2025-04-27,"Wankhede Stadium, Mumbai",Mumbai,Mumbai Indians,Lucknow Super Giants,,Lucknow Super Giants,field,215.0,7.0,161.0,10.0,Won by 54 runs,Mumbai Indians,54.0,,,WG Jacks,,,,,
1473483,2025,2025-04-27,"Arun Jaitley Stadium, Delhi",Delhi,Delhi Capitals,Royal Challengers Bengaluru,,Royal Challengers Bengaluru,field,162.0,8.0,165.0,4.0,Won by 6 wkts,Royal Challengers Bengaluru,,6.0,,KH Pandya,,,,,
1473484,2025,2025-04-28,"Sawai Mansingh Stadium, Jaipur",Jaipur,Gujarat Titans,Rajasthan Royals,,Rajasthan Royals,field,209.0,4.0,212.0,2.0,Won by 8 wkts,Rajasthan Royals,,8.0,,V Suryavanshi,,,,,
1473485,2025,2025-04-29,"Arun Jaitley Stadium, Delhi",Delhi,Kolkata Knight Riders,Delhi Capitals,,Delhi Capitals,field,204.0,9.0,190.0,9.0,Won by 14 runs,Kolkata Knight Riders,14.0,,,SP Narine,,,,,
1473486,2025,2025-04-30,"MA Chidambaram Stadium, Chepauk, Chennai",Chennai,Chennai Super Kings,Punjab Kings,,Punjab Kings,field,190.0,10.0,194.0,6.0,Won by 4 wkts,Punjab Kings,,4.0,,SS Iyer,,,,,
1473487,2025,2025-05-01,"Sawai Mansingh Stadium, Jaipur",Jaipur,Mumbai Indians,Rajasthan Royals,,Rajasthan Royals,field,217.0,2.0,117.0,10.0,Won by 100 runs,Mumbai Indians,100.0,,,RD Rickelton,,,,,
1473488,2025,2025-05-02,"Narendra Modi Stadium, Ahmedabad",Ahmedabad,Gujarat Titans,Sunrisers Hyderabad,,Sunrisers Hyderabad,field,224.0,6.0,186.0,6.0,Won by 38 runs,Gujarat Titans,38.0,,,M Prasidh Krishna,,,,,
1473489,2025,2025-05-03,"M Chinnaswamy Stadium, Bengaluru",Bengaluru,Royal Challengers Bengaluru,Chennai Super Kings,,Chennai Super Kings,field,213.0,5.0,211.0,5.0,Won by 2 runs,Royal Challengers Bengaluru,2.0,,,R Shepherd,,,,,
1473490,2025,2025-05-04,"Eden Gardens, Kolkata",Kolkata,Kolkata Knight Riders,Rajasthan Royals,,Kolkata Knight Riders,bat,206.0,4.0,205.0,8.0,Won by 1 runs,Kolkata Knight Riders,1.0,,,AD Russell,,,,,
1473491,2025,2025-05-04,"Himachal Pradesh Cricket Association Stadium, Dharamsala",Dharamsala,Punjab Kings,Lucknow Super Giants,,Lucknow Super Giants,field,236.0,5.0,199.0,7.0,Won by 37 runs,Punjab Kings,37.0,,,P Simran Singh,,,,,
1473492,2025,2025-05-05,"Rajiv Gandhi International Stadium, Uppal, Hyderabad",Hyderabad,Delhi Capitals,Sunrisers Hyderabad,,Sunrisers Hyderabad,field,133.0,7.0,,,Completed,,,,,,,,,,
1473493,2025,2025-05-06,"Wankhede Stadium, Mumbai",Mumbai,Mumbai Indians,Gujarat Titans,,Gujarat Titans,field,155.0,8.0,147.0,7.0,Won by 3 wkts,Gujarat Titans,,3.0,,Shubman Gill,,,,,
1473494,2025,2025-05-07,"Eden Gardens, Kolkata",Kolkata,Kolkata Knight Riders,Chennai Super Kings,,Kolkata Knight Riders,bat,179.0,6.0,183.0,8.0,Won by 2 wkts,Chennai Super Kings,,2.0,,Noor Ahmad,,,,,
1473495,2025,2025-05-08,"Himachal Pradesh Cricket Association Stadium, Dharamsala",Dharamsala,Punjab Kings,Delhi Capitals,,Punjab Kings,bat,122.0,1.0,,,Completed,,,,,,,,,,
1473497,2025,2025-05-18,"Sawai Mansingh Stadium, Jaipur",Jaipur,Punjab Kings,Rajasthan Royals,,Punjab Kings,bat,219.0,5.0,209.0,7.0,Won by 10 runs,Punjab Kings,10.0,,,Harpreet Brar,,,,,
1473498,2025,2025-05-18,"Arun Jaitley Stadium, Delhi",Delhi,Delhi Capitals,Gujarat Titans,,Gujarat Titans,field,199.0,3.0,205.0,0.0,Won by 10 wkts,Gujarat Titans,,10.0,,B Sai Sudharsan,,,,,
1473499,2025,2025-05-19,"Bharat Ratna Shri Atal Bihari Vajpayee Ekana Cricket Stadium, Lucknow",Lucknow,Lucknow Super Giants,Sunrisers Hyderabad,,Sunrisers Hyderabad,field,205.0,7.0,206.0,5.0,Won by 6 wkts,Sunrisers Hyderabad,,6.0,,Abhishek Sharma,,,,,
1473500,2025,2025-05-20,"Arun Jaitley Stadium, Delhi",Delhi,Chennai Super Kings,Rajasthan Royals,,Rajasthan Royals,field,187.0,8.0,188.0,4.0,Won by 6 wkts,Rajasthan Royals,,6.0,,Akash Madhwal,,,,,
1473501,2025,2025-05-21,"Wankhede Stadium, Mumbai",Mumbai,Mumbai Indians,Delhi Capitals,,Delhi Capitals,field,180.0,5.0,121.0,10.0,Won by 59 runs,Mumbai Indians,59.0,,,SA Yadav,,,,,
1473502,2025,2025-05-22,"Narendra Modi Stadium, Ahmedabad",Ahmedabad,Lucknow Super Giants,Gujarat Titans,,Gujarat Titans,field,235.0,2.0,202.0,9.0,Won by 33 runs,Lucknow Super Giants,33.0,,,MR Marsh,,,,,
1473503,2025,2025-05-23,"Bharat Ratna Shri Atal Bihari Vajpayee Ekana Cricket Stadium, Lucknow",Lucknow,Sunrisers Hyderabad,Royal Challengers Bengaluru,,Royal Challengers Bengaluru,field,231.0,6.0,189.0,10.0,Won by 42 runs,Sunrisers Hyderabad,42.0,,,Ishan Kishan,,,,,
1485779,2025,2025-05-24,"Sawai Mansingh Stadium, Jaipur",Jaipur,Punjab Kings,Delhi Capitals,,Delhi Capitals,field,206.0,8.0,208.0,4.0,Won by 6 wkts,Delhi Capitals,,6.0,,Sameer Rizvi,,,,,
1473504,2025,2025-05-25,"Narendra Modi Stadium, Ahmedabad",Ahmedabad,Chennai Super Kings,Gujarat Titans,,Chennai Super Kings,bat,230.0,5.0,147.0,10.0,Won by 83 runs,Chennai Super Kings,83.0,,,D Brevis,,,,,
1473505,2025,2025-05-25,"Arun Jaitley Stadium, Delhi",Delhi,Sunrisers Hyderabad,Kolkata Knight Riders,,Sunrisers Hyderabad,bat,278.0,3.0,168.0,10.0,Won by 110 runs,Sunrisers Hyderabad,110.0,,,H Klaasen,,,,,
1473506,2025,2025-05-26,"Sawai Mansingh Stadium, Jaipur",Jaipur,Mumbai Indians,Punjab Kings,,Punjab Kings,field,184.0,7.0,187.0,3.0,Won by 7 wkts,Punjab Kings,,7.0,,JP Inglis,,,,,
1473507,2025,2025-05-27,"Bharat Ratna Shri Atal Bihari Vajpayee Ekana Cricket Stadium, Lucknow",Lucknow,Lucknow Super Giants,Royal Challengers Bengaluru,,Royal Challengers Bengaluru,field,227.0,3.0,230.0,4.0,Won by 6 wkts,Royal Challengers Bengaluru,,6.0,,JM Sharma,,,,,
1473508,2025,2025-05-29,"Maharaja Yadavindra Singh International Cricket Stadium, Mullanpur",New Chandigarh,Punjab Kings,Royal Challengers Bengaluru,,Royal Challengers Bengaluru,field,101.0,10.0,106.0,2.0,Won by 8 wkts,Royal Challengers Bengaluru,,8.0,,Suyash Sharma,,,,,
1473509,2025,2025-05-30,"Maharaja Yadavindra Singh International Cricket Stadium, New Chandigarh",New Chandigarh,Mumbai Indians,Gujarat Titans,,Mumbai Indians,bat,228.0,5.0,208.0,6.0,Won by 20 runs,Mumbai Indians,20.0,,,RG Sharma,,,,,
1473510,2025,2025-06-01,"Narendra Modi Stadium, Ahmedabad",Ahmedabad,Mumbai Indians,Punjab Kings,,Punjab Kings,field,203.0,6.0,207.0,5.0,Won by 5 wkts,Punjab Kings,,5.0,,SS Iyer,,,,,
1473511,2025,2025-06-03,"Narendra Modi Stadium, Ahmedabad",Ahmedabad,Royal Challengers Bengaluru,Punjab Kings,,Punjab Kings,field,190.0,9.0,184.0,7.0,Won by 6 runs,Royal Challengers Bengaluru,6.0,,,KH Pandya,,,,,
1,2026,2026-03-28,"M. Chinnaswamy Stadium, Bangalore",,RCB,SRH,League,RCB,Bowl,201.0,9.0,203.0,4.0,Won by 6 wkts,RCB,,6.0,26.0,Jacob Duffy,Ishan Kishan,80.0,Jacob Duffy,3--22,No
2,2026,2026-03-29,"Wankhede Stadium, Mumbai",,MI,KKR,League,MI,Bowl,220.0,4.0,224.0,4.0,Won by 6 wkts,MI,,6.0,5.0,Shardul Thakur,Ryan Rickelton,81.0,Shardul Thakur,3--39,No
3,2026,2026-03-30,"Barsapara Stadium, Guwahati",,RR,CSK,League,RR,Bowl,127.0,10.0,128.0,2.0,Won by 8 wkts,RR,,8.0,47.0,Nandre Burger,Vaibhav Sooryavanshi,52.0,Jofra Archer,2--19,No
4,2026,2026-03-31,"New PCA Cricket Stadium, Mullanpur",,PBKS,GT,League,PBKS,Bowl,162.0,6.0,165.0,7.0,Won by 3 wkts,PBKS,,3.0,5.0,Cooper Connolly,Cooper Connolly,72.0,Prasidh Krishna,3--29,No
5,2026,2026-04-01,"Ekana Cricket Stadium, Lucknow",,LSG,DC,League,DC,Bowl,141.0,10.0,145.0,4.0,Won by 6 wkts,DC,,6.0,17.0,Sameer Rizvi,Sameer Rizvi,70.0,Lungi Ngidi,3--27,No
6,2026,2026-04-02,"Eden Gardens, Kolkata",,KKR,SRH,League,KKR,Bowl,226.0,8.0,161.0,10.0,Won by 65 runs,SRH,65.0,,24.0,Nitish Kumar Reddy,Angkrish Raghuvanshi,52.0,Blessing Muzarabani,4--41,No
7,2026,2026-04-03,"MA Chidambaram Stadium, Chennai",,CSK,PBKS,League,PBKS,Bowl,209.0,5.0,210.0,5.0,Won by 5 wkts,PBKS,,5.0,8.0,Priyansh Arya,Ayush Matre,73.0,Vijaykumar Vyshak,2--38,No
8,2026,2026-04-04,"Arun Jaitley Stadium, Delhi",,DC,MI,League,DC,Bowl,162.0,6.0,164.0,4.0,Won by 6 wkts,DC,,6.0,11.0,Sameer Rizvi,Sameer Rizvi,90.0,Mukesh Kumar,2--26,No
9,2026,2026-04-04,"Narendra Modi Stadium, Ahmedabad",,GT,RR,League,RR,Bat,210.0,6.0,204.0,8.0,Won by 6 runs,RR,6.0,,0.0,Ravi Bishnoi,Dhruv Jurel,75.0,Ravi Bishnoi,4--41,No
10,2026,2026-04-05,"Rajiv Gandhi International Stadium, Hyderabad",,SRH,LSG,League,LSG,Bowl,156.0,9.0,160.0,5.0,Won by 5 wkts,LSG,,5.0,1.0,Mohammed Shami,Rishabh Pant,68.0,Mohammed Shami,2--9,No
11,2026,2026-04-05,"M. Chinnaswamy Stadium, Bangalore",,RCB,CSK,League,CSK,Bowl,250.0,3.0,207.0,10.0,Won by 43 runs,RCB,43.0,,2.0,Tim David,Tim David,70.0,Bhuvneshwar Kumar,3--41,No
12,2026,2026-04-06,"Eden Gardens, Kolkata",,KKR,PBKS,League,KKR,Bat,,,,,abandoned,,,,,,,,,,No
13,2026,2026-04-07,"Barsapara Stadium, Guwahati",,RR,MI,League,MI,Bowl,150.0,3.0,123.0,9.0,Won by 27 runs,RR,27.0,,0.0,Yashasvi Jaiswal,Yashasvi Jaiswal,77.0,Sandeep Sharma,2--26,No
14,2026,2026-04-08,"Arun Jaitley Stadium, Delhi",,DC,GT,League,DC,Bowl,210.0,4.0,209.0,8.0,Won by 1 runs,GT,1.0,,0.0,Rashid Khan,KL Rahul,92.0,Rashid Khan,3--17,No
15,2026,2026-04-09,"Eden Gardens, Kolkata",,KKR,LSG,League,LSG,Bowl,181.0,4.0,182.0,7.0,Won by 3 wkts,LSG,,3.0,0.0,Mukul Choudhary,Mukul Choudhary,54.0,Anukul Roy,2--32,No
16,2026,2026-04-10,"Barsapara Stadium, Guwahati",,RR,RCB,League,RR,Bowl,201.0,8.0,202.0,4.0,Won by 6 wkts,RR,,6.0,12.0,Vaibhav Sooryavanshi,Dhruv Jurel,81.0,Krunal Pandya,2--30,No
17,2026,2026-04-11,"New PCA Cricket Stadium, Mullanpur",,PBKS,SRH,League,PBKS,Bowl,219.0,6.0,223.0,4.0,Won by 6 wkts,PBKS,,6.0,7.0,Shreyas Iyer,Abhishek Sharma,74.0,Shivang Kumar,3--33,No
18,2026,2026-04-11,"MA Chidambaram Stadium, Chennai",,CSK,DC,League,DC,Bowl,212.0,2.0,189.0,10.0,Won by 23 runs,CSK,23.0,,0.0,Sanju Samson,Sanju Samson,115.0,Jamie Overton,4--18,No
19,2026,2026-04-12,"Ekana Cricket Stadium, Lucknow",,LSG,GT,League,GT,Bowl,164.0,8.0,165.0,3.0,Won by 7 wkts,GT,,7.0,8.0,Prasidh Krishna,Jos Buttler,60.0,Prasidh Krishna,4--28,No
20,2026,2026-04-12,"Wankhede Stadium, Mumbai",,MI,RCB,League,MI,Bowl,240.0,4.0,222.0,5.0,Won by 18 runs,RCB,18.0,,0.0,Phil Salt,Phil Salt,78.0,Suyash Sharma,2--47,No
21,2026,2026-04-13,"Rajiv Gandhi International Stadium, Hyderabad",,SRH,RR,League,RR,Bowl,216.0,6.0,159.0,10.0,Won by 57 runs,SRH,57.0,,6.0,Praful Hinge,Ishan Kishan,91.0,Sakib Hussain,4--24,No
22,2026,2026-04-14,"MA Chidambaram Stadium, Chennai",,CSK,KKR,League,KKR,Bowl,192.0,5.0,160.0,7.0,Won by 32 runs,CSK,32.0,,0.0,Noor Ahmad,Sanju Samson,48.0,Noor Ahmad,3--21,No
23,2026,2026-04-15,"M. Chinnaswamy Stadium, Bangalore",,RCB,LSG,League,RCB,Bowl,146.0,10.0,149.0,5.0,Won by 5 wkts,RCB,,5.0,29.0,Josh Hazlewood,Virat Kohli,49.0,Rasikh Salam,4--24,No
24,2026,2026-04-16,"Wankhede Stadium, Mumbai",,MI,PBKS,League,PBKS,Bowl,195.0,6.0,198.0,3.0,Won by 7 wkts,PBKS,,7.0,21.0,Arshdeep Singh,Quinton de Kock,112.0,Arshdeep Singh,3--22,No
25,2026,2026-04-17,"Narendra Modi Stadium, Ahmedabad",,GT,KKR,League,KKR,Bat,180.0,10.0,181.0,5.0,Won by 5 wkts,GT,,5.0,2.0,Shubman Gill,Shubman Gill,86.0,Kagiso Rabada,3--29,No
26,2026,2026-04-18,"M. Chinnaswamy Stadium, Bangalore",,RCB,DC,League,DC,Bowl,175.0,8.0,179.0,4.0,Won by 6 wkts,DC,,6.0,1.0,Tristan Stubbs,Phil Salt,63.0,Bhuvneshwar Kumar,3--26,No
27,2026,2026-04-18,"Rajiv Gandhi International Stadium, Hyderabad",,SRH,CSK,League,CSK,Bowl,194.0,9.0,184.0,8.0,Won by 10 runs,SRH,10.0,,0.0,Eshan Malinga,Abhishek Sharma,59.0,Eshan Malinga,3--29,No
28,2026,2026-04-19,"Eden Gardens, Kolkata",,KKR,RR,League,RR,Bat,155.0,9.0,161.0,6.0,Won by 4 wkts,KKR,,4.0,2.0,Varun Chakravarthy,Rinku Singh,53.0,Varun Chakravarthy,3--14,No
29,2026,2026-04-19,"New PCA Cricket Stadium, Mullanpur",,PBKS,LSG,League,LSG,Bowl,254.0,7.0,200.0,5.0,Won by 54 runs,PBKS,54.0,,0.0,Priyansh Arya,Priyansh Arya,93.0,Prince Yadav,2--25,No
30,2026,2026-04-20,"Narendra Modi Stadium, Ahmedabad",,GT,MI,League,GT,Bowl,199.0,5.0,100.0,10.0,Won by 99 runs,MI,99.0,,25.0,Tilak Varma,Tilak Varma,101.0,Ashwani Kumar,4--24,No
31,2026,2026-04-21,"Rajiv Gandhi International Stadium, Hyderabad",,SRH,DC,League,DC,Bowl,242.0,2.0,195.0,9.0,Won by 47 runs,SRH,47.0,,0.0,Abhishek Sharma,Abhishek Sharma,135.0,Eshan Malinga,4--32,No
32,2026,2026-04-22,"Ekana Cricket Stadium, Lucknow",,LSG,RR,League,LSG,Bowl,159.0,6.0,119.0,10.0,Won by 40 runs,LSG,40.0,,12.0,Ravindra Jadeja,Mitchell Marsh,55.0,Jofra Archer,3--20,No
33,2026,2026-04-23,"Wankhede Stadium, Mumbai",,MI,CSK,League,MI,Bowl,207.0,6.0,104.0,10.0,Won by 103 runs,CSK,103.0,,6.0,Sanju Samson,Sanju Samson,101.0,Akeal Hosein,4--17,No
34,2026,2026-04-24,"M. Chinnaswamy Stadium, Bangalore",,RCB,GT,League,RCB,Bowl,205.0,3.0,206.0,5.0,Won by 5 wkts,RCB,,5.0,7.0,Virat Kohli,Sai Sudarshan,100.0,Rashid Khan,2--49,No
35,2026,2026-04-25,"Arun Jaitley Stadium, Delhi",,DC,PBKS,League,DC,Bat,264.0,2.0,265.0,4.0,Won by 6 wkts,PBKS,,6.0,7.0,KL Rahul,KL Rahul,152.0,Kuldeep Yadav,2--46,No
36,2026,2026-04-25,"Sawai Mansingh Stadium, Jaipur",,RR,SRH,League,SRH,Bowl,228.0,6.0,229.0,5.0,Won by 5 wkts,SRH,,5.0,9.0,Ishan Kishan,Vaibhav Sooryavanshi,103.0,Jofra Archer,2--34,No
37,2026,2026-04-26,"Narendra Modi Stadium, Ahmedabad",,GT,CSK,League,GT,Bowl,158.0,7.0,162.0,2.0,Won by 8 wkts,GT,,8.0,20.0,Kagiso Rabada,Sai Sudarshan,87.0,Kagiso Rabada,3--25,No
38,2026,2026-04-26,"Ekana Cricket Stadium, Lucknow",,LSG,KKR,League,LSG,Bowl,155.0,7.0,155.0,8.0,Tie (Won via Super Over),KKR,,,5.0,Rinku Singh,Rinku Singh,83.0,Mohsin Khan,5--23,Yes
39,2026,2026-04-27,"Arun Jaitley Stadium, Delhi",,DC,RCB,League,RCB,Bowl,75.0,10.0,77.0,1.0,Won by 9 wkts,RCB,,9.0,81.0,Josh Hazlewood,Devdutt Padikkal,34.0,Josh Hazlewood,4--12,No
